District,Gross Extent Sown (Hectares) - Major Schemes,Gross Extent Sown (Hectares) - Minor Schemes,Gross Extent Sown (Hectares) - Rainfed,Gross Extent Harvested (Hectares) - Major Schemes,Gross Extent Harvested (Hectares) - Minor Schemes,Gross Extent Harvested (Hectares) - Rainfed,Average Yield Per Nett Hectare (kg) - Major Schemes,Average Yield Per Nett Hectare (kg) - Minor Schemes,Average Yield Per Nett Hectare (kg) - Rainfed,Average Yield Per Nett Hectare (kg) - Average Yield,Nett Extent Harvested (Hectares),Total Production (MT),Paddy_Type,Temperature_C,Humidity,Soil_Moisture,Total_Land_Size
COLOMBO,319.0,586.0,2314.0,319.0,586.0,2314.0,3060.0,4134.0,3095.0,3281.0,2736.0,8976.0,Maa Wee,29.603290246102404,73.6697025835714,0.19550246391982534,3219.0
GAMPAHA,1768.0,3545.0,5131.0,1655.0,3429.0,4916.0,3980.0,3491.0,3233.0,3445.0,8500.0,29283.0,Bg 406,28.9781602233483,78.6039779340461,0.24351662033866447,10444.0
KALUTARA,167.0,1588.0,9898.0,167.0,1571.0,9854.0,3643.0,3175.0,3409.0,3380.0,10694.0,36149.0,Bg 369,25.655723374796647,68.32143548943398,0.2245467419443397,11653.0
KANDY,3703.0,3059.0,2075.0,3700.0,3047.0,2056.0,5370.0,3046.0,3374.0,4099.0,6961.0,28536.0,Bg 374,27.574010621416036,65.64363479171284,0.3731838877718031,8837.0
MATALE,5076.0,2759.0,386.0,5076.0,2751.0,382.0,5396.0,4487.0,4169.0,5034.0,7382.0,37161.0,Bw 372,26.85641657377208,73.91095214819947,0.16005973042073382,8221.0
NUWARAELIYA,824.0,3579.0,3.0,824.0,3579.0,3.0,6174.0,4131.0,2439.0,4512.0,2483.0,11201.0,Maa Wee,26.707927503653586,70.60056684078158,0.32096690546139495,4406.0
GALLE,299.0,2080.0,9172.0,293.0,1949.0,8673.0,2221.0,3050.0,2810.0,2837.0,8542.0,24233.0,Bw 363,31.81107388326712,77.50968335552616,0.37873760572220716,11551.0
MATARA,4348.0,3282.0,6283.0,4168.0,3213.0,6118.0,3855.0,3491.0,3425.0,3573.0,10658.0,38084.0,Bg 250,27.751684072667324,62.332039108949544,0.4130296910285248,13913.0
HAMBANTOTA,28626.0,4574.0,967.0,28624.0,4570.0,967.0,6207.0,5132.0,3474.0,5986.0,29846.0,178647.0,Bg 94-1,31.244325886239793,89.231844229985,0.25262452461477225,34167.0
MANNAR,1594.0,16.0,2786.0,1594.0,16.0,2767.0,5390.0,3543.0,3301.0,5372.0,1537.0,8259.0,Bg 94-1,29.41797038198084,89.58632233438809,0.3963771914016039,4396.0
VAVUNIYA,392.0,1077.0,4.0,392.0,1076.0,4.0,6294.0,5246.0,3124.0,5520.0,1388.0,7663.0,Bg 251,30.56367912479154,80.94485142059236,0.18318952108656217,1473.0
MULATIVU,4392.0,1069.0,2786.0,4392.0,1069.0,2767.0,5312.0,4468.0,3301.0,5147.0,5152.0,26514.0,Kuruluthuda,28.518459651736343,76.08289099032362,0.40393568752035547,8247.0
KILLINOCHCHI,9963.0,71.0,2786.0,9963.0,71.0,2767.0,5268.0,2695.0,3301.0,5250.0,8904.0,46742.0,Murungakayan,29.038327192384514,69.28582848858983,0.18824659869959473,12820.0
BATTICALOA,22466.0,4491.0,1998.0,22466.0,4479.0,1998.0,4523.0,4794.0,4774.0,4582.0,25545.0,117059.0,Bg 251,28.447623856732047,84.41385059120846,0.26918618716811016,28955.0
AMPARA,58634.0,2253.0,408.0,58169.0,2131.0,408.0,5017.0,4843.0,3796.0,5003.0,58018.0,290263.0,Bg 300,26.36670091458631,80.54193517661638,0.38918860973386615,61295.0
TRINCOMALEE,18500.0,3344.0,268.0,18500.0,3344.0,268.0,5475.0,4304.0,3010.0,5268.0,20542.0,108222.0,Ld 368,30.057164806830535,64.87850818034674,0.19497522820463214,22112.0
KURUNEGALA,13933.0,25135.0,19059.0,13894.0,24293.0,18344.0,4954.0,4348.0,4039.0,4397.0,56531.0,248546.0,At 362,26.96540653708599,87.32781553481527,0.21877541856979243,58127.0
PUTTALAM,7067.0,7094.0,1021.0,6970.0,6505.0,788.0,4818.0,3934.0,3526.0,4343.0,12123.0,52656.0,Bg 251,25.170211765020177,84.67611728769506,0.3666757705179199,15182.0
ANURADHAPURA,28235.0,10721.0,378.0,28198.0,10685.0,375.0,5181.0,4326.0,3828.0,4936.0,31567.0,155805.0,Bg 450,29.518306071350175,88.49399739875773,0.36601096096382235,39334.0
POLONNARUWA,56805.0,5568.0,2786.0,56805.0,5342.0,2767.0,5238.0,5313.0,3301.0,5244.0,54975.0,288314.0,Pokkali,26.239774755849343,81.7715852516508,0.3423442898655892,65159.0
BADULLA,7869.0,3782.0,12.0,7868.0,3759.0,12.0,5317.0,4255.0,4556.0,4973.0,9893.0,49200.0,At 362,31.583210090470402,78.4024558780737,0.35818453334013,11663.0
MONARAGALA,7733.0,5943.0,724.0,7691.0,5806.0,688.0,5294.0,4646.0,3089.0,4922.0,13902.0,68422.0,Bw 372,31.677500039018113,72.54729108871857,0.31281733300427883,14400.0
RATNAPURA,3953.0,5188.0,2321.0,3931.0,5113.0,2280.0,6073.0,3696.0,3109.0,4403.0,9626.0,42382.0,Suwandel,31.40405073154314,87.9818545006204,0.22553971767208583,11462.0
COLOMBO,256.0,558.0,2050.0,256.0,558.0,2050.0,3699.0,3496.0,3506.0,3521.0,2434.0,8571.0,Bg 310,27.59111090178811,85.98191668501225,0.25370879805117585,2864.0
GAMPAHA,1544.0,3277.0,4893.0,1461.0,3231.0,4871.0,4423.0,4156.0,4240.0,4240.0,8128.0,34460.0,Ld 368,25.108196315702074,61.356560103185686,0.2044793150404277,9714.0
KALUTARA,107.0,1304.0,8145.0,107.0,1303.0,8080.0,3644.0,3523.0,3660.0,3641.0,8756.0,31876.0,Bg 252,31.49822993811408,60.79100923491756,0.42253516840008853,9556.0
KANDY,4201.0,4797.0,2006.0,4200.0,4793.0,2000.0,5777.0,3229.0,4432.0,4422.0,8694.0,38440.0,Bg 379-2,27.9972890382212,71.29390100634149,0.32501753842983616,11004.0
MATALE,6877.0,7076.0,4505.0,6846.0,7044.0,4496.0,5415.0,5162.0,5406.0,5316.0,16534.0,87897.0,Bg 403,31.766583733305687,84.31659992345499,0.27025542502909194,18458.0
NUWARAELIYA,420.0,1310.0,5.0,420.0,1310.0,5.0,3605.0,3607.0,4034.0,3608.0,977.0,3525.0,Bw 400,31.74533983962477,89.61828387944834,0.2886017410932398,1735.0
GALLE,205.0,1448.0,6296.0,205.0,1448.0,6286.0,4000.0,3845.0,4011.0,3980.0,6213.0,24728.0,Bg 369,30.97106618827152,64.51250673310585,0.4341850018835446,7949.0
MATARA,3898.0,2767.0,5081.0,3855.0,2697.0,5044.0,4628.0,3553.0,3498.0,3886.0,9155.0,35581.0,Bg 300,27.0611422444871,77.82392146056405,0.19600542093482407,11746.0
HAMBANTOTA,28003.0,5827.0,1148.0,27970.0,5821.0,1142.0,6568.0,5478.0,3992.0,6302.0,30521.0,192353.0,Moddaikaruppan,27.695684100213477,71.42672569893065,0.3258689496050392,34978.0
MANNAR,15289.0,3999.0,79.0,15289.0,3999.0,79.0,4880.0,4651.0,3447.0,4827.0,18492.0,89263.0,Bw 367,30.957956700618,89.09743193443809,0.3017666036653398,19367.0
VAVUNIYA,4366.0,12406.0,2469.0,4360.0,12292.0,2465.0,4699.0,5034.0,4982.0,4951.0,18036.0,89294.0,Bw 372,27.218454036093945,85.26356769407126,0.3334362706303944,19241.0
MULATIVU,7579.0,4355.0,6325.0,7579.0,4355.0,6325.0,4711.0,4806.0,4452.0,4644.0,17228.0,80008.0,Bg 359,26.186449226802647,85.14986114133413,0.15543305514625214,18259.0
KILLINOCHCHI,12088.0,553.0,14524.0,12088.0,553.0,14524.0,3778.0,3329.0,4505.0,4158.0,24106.0,100224.0,Maa Wee,28.897608837208452,74.06079479384911,0.4116371726832455,27165.0
BATTICALOA,24476.0,3811.0,38709.0,20161.0,3518.0,37565.0,3824.0,4059.0,3735.0,3783.0,54055.0,204489.0,Bw 361,31.553083419125468,72.44458507012996,0.42963548474508373,66996.0
AMPARA,59732.0,4448.0,15237.0,58060.0,4123.0,14611.0,4986.0,3965.0,4107.0,4764.0,73392.0,349626.0,Bg 366,29.87220857672481,68.20221215792118,0.3195399550767627,79417.0
TRINCOMALEE,20399.0,6887.0,10999.0,20399.0,6887.0,10999.0,4752.0,4418.0,3647.0,4375.0,35567.0,155592.0,Bg 252,28.990428190625554,61.691264899527816,0.35899524716306774,38285.0
KURUNEGALA,17945.0,37748.0,26785.0,17871.0,37501.0,26639.0,5733.0,4748.0,4036.0,4732.0,82011.0,388043.0,At 354,25.68023545639538,85.9416712876516,0.4267498143531887,82478.0
PUTTALAM,7905.0,11022.0,1637.0,7359.0,10718.0,1511.0,4711.0,4629.0,4526.0,4652.0,16649.0,77449.0,Bg 359,29.30505058689419,84.38703027390233,0.3621715902940196,20564.0
ANURADHAPURA,54056.0,52287.0,12559.0,53756.0,52058.0,12514.0,6215.0,5118.0,4716.0,5574.0,95148.0,530356.0,Ld 253,31.930376950729844,89.99153019858392,0.1957617128742784,118902.0
POLONNARUWA,56959.0,7431.0,2626.0,56734.0,7326.0,2534.0,5341.0,6272.0,4305.0,5404.0,58909.0,318352.0,At 362,25.980588106655667,89.89910511221716,0.322886508050044,67016.0
BADULLA,10572.0,9730.0,5339.0,10572.0,9730.0,5339.0,4501.0,4532.0,3986.0,4405.0,21795.0,96017.0,Bw 364,28.628307566546155,76.66295116807882,0.3320145139148568,25641.0
MONARAGALA,8963.0,10888.0,14505.0,8619.0,10721.0,14313.0,6324.0,4688.0,3955.0,4796.0,32981.0,158159.0,Bg 403,31.14161150349569,83.06962245541531,0.2772392013907158,34356.0
RATNAPURA,3904.0,4716.0,2136.0,3902.0,4708.0,2127.0,6096.0,4781.0,3964.0,5097.0,9127.0,46521.0,Bw 367,30.185380324279432,88.34297189647285,0.3709332706874169,10756.0
COLOMBO,286.0,327.0,1908.0,253.0,319.0,1776.0,2606.0,2795.0,2372.0,2455.0,1996.0,4899.0,Bg 374,29.879110186966876,85.48942172032234,0.4303101044307045,2521.0
GAMPAHA,1811.0,2777.0,5366.0,1114.0,2442.0,4936.0,3389.0,3118.0,2838.0,2991.0,7218.0,21588.0,Pachchaperumal,29.917388587909766,67.42044305229592,0.4276705538720329,9954.0
KALUTARA,163.0,1408.0,8195.0,162.0,1360.0,7907.0,2012.0,2696.0,3130.0,3048.0,8698.0,26515.0,At 354,27.516438058538284,73.5163240593028,0.2852518114212397,9766.0
KANDY,3936.0,3124.0,2218.0,3934.0,3109.0,2213.0,2579.0,3077.0,3411.0,2945.0,7320.0,21559.0,Bw 312,27.055142909851455,63.87478245454485,0.1839714137522266,9278.0
MATALE,7001.0,4486.0,856.0,6997.0,4473.0,855.0,5102.0,4063.0,3860.0,4639.0,11084.0,51415.0,Kuruluthuda,30.665528088349596,88.62153081776167,0.44545235968870045,12343.0
NUWARAELIYA,490.0,2082.0,1.0,490.0,2082.0,1.0,4658.0,3745.0,3301.0,3917.0,1450.0,5680.0,Murungakayan,30.670793762754265,78.1852390335264,0.4016694259337803,2573.0
GALLE,100.0,989.0,7459.0,97.0,953.0,7276.0,2734.0,1894.0,3030.0,2897.0,6515.0,18873.0,Bg 366,31.069506230060725,66.85928416510389,0.18739880436098005,8548.0
MATARA,4316.0,3316.0,6450.0,4218.0,3250.0,6394.0,3977.0,3869.0,3489.0,3727.0,10944.0,40787.0,At 362,31.3926838678953,80.1510205321757,0.4262525647852118,14082.0
HAMBANTOTA,28735.0,4662.0,1093.0,28735.0,4662.0,1093.0,6051.0,4902.0,3464.0,5814.0,30134.0,175190.0,At 307,28.579396792026564,78.54384721373688,0.41096890861863855,34490.0
MANNAR,2210.0,530.0,2786.0,2210.0,522.0,2767.0,5182.0,3864.0,3301.0,4931.0,2608.0,12860.0,Bg 366,28.510614062810397,70.74488154098522,0.3056514171378216,5526.0
VAVUNIYA,2136.0,2876.0,2786.0,2136.0,2866.0,2767.0,5381.0,5829.0,3301.0,5638.0,4719.0,26606.0,Bg 406,30.588066252767426,63.40672776598887,0.3273826307234788,7798.0
MULATIVU,5875.0,1508.0,2786.0,5875.0,1508.0,2767.0,5322.0,5152.0,3301.0,5287.0,6966.0,36832.0,Bw 361,29.549747515444356,80.14719586778399,0.26970081116103906,10169.0
KILLINOCHCHI,9961.0,110.0,2786.0,9961.0,110.0,2767.0,4634.0,3308.0,3301.0,4620.0,8937.0,41288.0,Ld 253,29.913768140803924,75.6092310271138,0.1664284916466094,12857.0
BATTICALOA,22103.0,4401.0,1998.0,22103.0,4401.0,1998.0,4591.0,4709.0,5388.0,4665.0,25156.0,117353.0,Kalu Heenati,30.570548686052707,83.16955175206918,0.2505591724937703,28502.0
AMPARA,59755.0,2468.0,637.0,59682.0,2468.0,626.0,5247.0,4785.0,5277.0,5229.0,59995.0,313708.0,Bg 358,31.230037392722963,75.6049050333598,0.39085603457940343,62860.0
TRINCOMALEE,20223.0,4501.0,515.0,20223.0,4501.0,515.0,5257.0,5306.0,5311.0,5267.0,23447.0,123491.0,Kuruluthuda,27.36596609796075,85.5654450095562,0.15138960690138084,25239.0
KURUNEGALA,15650.0,31749.0,21174.0,15601.0,31442.0,20945.0,4667.0,3897.0,3736.0,4024.0,67988.0,273572.0,At 354,27.62908066847961,76.55720516323457,0.25004975150734327,68573.0
PUTTALAM,8194.0,9200.0,1208.0,7808.0,8568.0,1115.0,4474.0,3554.0,3326.0,3950.0,14868.0,58728.0,Attakkari,25.657873578886083,76.82813914606159,0.269450608077283,18602.0
ANURADHAPURA,40880.0,20703.0,521.0,40870.0,20626.0,521.0,4789.0,4546.0,2765.0,4691.0,49868.0,233948.0,Bg 369,29.047960986973216,86.29960807975036,0.3112186808813769,62104.0
POLONNARUWA,56994.0,5632.0,2786.0,56994.0,5405.0,2767.0,5483.0,4995.0,3301.0,5441.0,55199.0,300317.0,Bg 374,25.251595916577195,72.10448598637191,0.4259566849238282,65412.0
BADULLA,7855.0,4186.0,57.0,7855.0,4186.0,57.0,4996.0,5260.0,5135.0,5088.0,10284.0,52327.0,At 354,28.259186126927222,64.02045685351922,0.2539037983097884,12098.0
MONARAGALA,7972.0,7090.0,790.0,7959.0,7018.0,782.0,6096.0,4060.0,2965.0,5034.0,15444.0,77752.0,Bg 250,28.798512442953037,60.86348028940017,0.25408596056886834,15852.0
RATNAPURA,4023.0,4916.0,1834.0,4017.0,4907.0,1819.0,4873.0,3808.0,3296.0,4119.0,9131.0,37617.0,Murungakayan,27.005788764897993,82.65411767020856,0.3712503744329245,10773.0
COLOMBO,103.0,129.0,660.0,91.0,120.0,577.0,3534.0,3628.0,2872.0,3064.0,670.0,2054.0,Bw 372,29.135832823983076,78.60928654060393,0.28566538226694216,892.0
GAMPAHA,1341.0,1917.0,2242.0,738.0,1496.0,1949.0,4031.0,2957.0,3178.0,3250.0,3556.0,11555.0,Bw 400,25.213501749573346,81.12239304297671,0.2173814468819946,5500.0
KALUTARA,98.0,817.0,4161.0,98.0,762.0,3882.0,3075.0,2926.0,2838.0,2857.0,4375.0,12502.0,Bw 361,25.2614373212445,66.38892484526733,0.285731854839808,5076.0
KANDY,3647.0,1488.0,723.0,3647.0,1465.0,705.0,3428.0,3060.0,3953.0,3399.0,4599.0,15632.0,Bg 251,30.758203924617607,64.0911442676031,0.19225710611393995,5858.0
MATALE,3390.0,990.0,241.0,3366.0,922.0,204.0,5524.0,4572.0,3996.0,5259.0,4040.0,21247.0,Ld 253,27.52133448987884,60.43633997003646,0.202916095951867,4621.0
NUWARAELIYA,263.0,1224.0,2786.0,263.0,1224.0,2767.0,2390.0,2784.0,3301.0,2715.0,838.0,2274.0,Bg 252,25.889423588563194,70.51762676419791,0.29951033182184394,4273.0
GALLE,20.0,537.0,2776.0,15.0,380.0,2275.0,2672.0,3199.0,2983.0,3012.0,2090.0,6295.0,Bg 406,28.65570282038363,77.69753060563899,0.2756776348513644,3333.0
MATARA,3876.0,2804.0,4626.0,2806.0,2098.0,3846.0,3577.0,3048.0,3100.0,3240.0,6908.0,22383.0,Bg 369,30.389954871690275,71.76732135299197,0.4244537703204301,11306.0
HAMBANTOTA,27955.0,3974.0,773.0,27645.0,3858.0,692.0,5877.0,5019.0,3632.0,5726.0,28129.0,161070.0,Bg 352,26.5107471924779,73.12424766071187,0.25871816973498996,32702.0
MANNAR,909.0,16.0,2786.0,902.0,13.0,2767.0,5527.0,4634.0,3301.0,5514.0,873.0,4815.0,Bg 252,29.360233330733003,87.12476083481245,0.32417650508341306,3711.0
VAVUNIYA,1514.0,850.0,2786.0,1509.0,809.0,2767.0,5662.0,4807.0,3301.0,5363.0,2187.0,11730.0,Bw 367,25.597432254956377,70.44766401069901,0.33967928637585915,5150.0
MULATIVU,4581.0,713.0,2786.0,4581.0,681.0,2767.0,5116.0,4846.0,3301.0,5081.0,4965.0,25228.0,Bg 359,25.361772048180253,75.41968467479433,0.15392833697650007,8080.0
KILLINOCHCHI,9469.0,112.0,2786.0,9469.0,112.0,2767.0,5183.0,5159.0,3301.0,5183.0,8502.0,44063.0,Bg 251,28.719482420977037,83.5095903822343,0.3490612116050132,12367.0
BATTICALOA,20773.0,4673.0,1998.0,18847.0,3832.0,1826.0,3568.0,4538.0,3067.0,3683.0,21627.0,79649.0,Bg 352,28.784445851270746,71.8962834696381,0.20341079006092544,27444.0
AMPARA,53948.0,1855.0,252.0,53349.0,1524.0,244.0,5407.0,4559.0,3989.0,5377.0,52675.0,283226.0,Bg 374,29.462009310487446,78.66260100683621,0.4383210952408366,56055.0
TRINCOMALEE,15252.0,3123.0,2786.0,15252.0,2847.0,2767.0,5194.0,3823.0,3301.0,4978.0,16814.0,83700.0,Bg 251,30.08263933605863,85.87091126240236,0.1945988183259339,21161.0
KURUNEGALA,9591.0,15801.0,13756.0,9252.0,12749.0,8763.0,4716.0,4073.0,3191.0,4015.0,30763.0,123518.0,Bg 94-1,31.830964556237742,88.48561870972927,0.27438723711810714,39148.0
PUTTALAM,5002.0,2864.0,594.0,4624.0,2091.0,446.0,5632.0,2292.0,2771.0,4479.0,6087.0,27262.0,Bw 312,28.614102438108368,64.41220442787113,0.17560490042359317,8460.0
ANURADHAPURA,18936.0,14458.0,18.0,18236.0,13837.0,18.0,5271.0,4920.0,3870.0,5119.0,25805.0,132103.0,Bg 374,27.260695310588723,87.79762875484484,0.4490622755537842,33412.0
POLONNARUWA,56471.0,5153.0,2786.0,56419.0,5010.0,2767.0,5522.0,5392.0,3301.0,5511.0,54340.0,299468.0,Pachchaperumal,30.566303363380925,74.76348879238614,0.3006585030993728,64410.0
BADULLA,8072.0,3171.0,27.0,7845.0,3116.0,27.0,5471.0,4262.0,2152.0,5120.0,9340.0,47817.0,Pachchaperumal,26.89582575883452,67.74733164896875,0.3286155051960131,11270.0
MONARAGALA,7786.0,5940.0,420.0,7478.0,5356.0,353.0,5549.0,4670.0,2936.0,5122.0,12924.0,66200.0,Suwandel,28.072799944939455,73.77407268714784,0.17012294321652824,14146.0
RATNAPURA,3585.0,3159.0,605.0,3567.0,3065.0,552.0,5665.0,4177.0,3106.0,4834.0,6106.0,29516.0,Bg 360,25.549194669395863,89.40097725856431,0.37498814111975337,7349.0
COLOMBO,188.0,163.0,1228.0,178.0,163.0,1197.0,2322.0,1930.0,1929.0,1975.0,1307.0,2582.0,Maa Wee,25.177455203908202,74.77854281978608,0.21297167792867572,1579.0
GAMPAHA,1314.0,953.0,3750.0,1077.0,940.0,3715.0,2736.0,2440.0,2957.0,2831.0,4872.0,13793.0,Bg 403,31.738538902745475,69.86254830862525,0.4194162868322142,6017.0
KALUTARA,53.0,728.0,5184.0,53.0,720.0,5166.0,2917.0,2661.0,2697.0,2694.0,5478.0,14759.0,Bw 367,30.851860843585442,79.00202562950177,0.21154189214460214,5965.0
KANDY,4178.0,2743.0,1925.0,4176.0,2739.0,1925.0,2651.0,3107.0,2956.0,2859.0,6990.0,19995.0,Bg 359,29.871819442655884,67.2043685633458,0.20720631619909996,8846.0
MATALE,6653.0,3491.0,525.0,6653.0,3491.0,525.0,4893.0,3962.0,3103.0,4500.0,9595.0,43178.0,Bg 374,27.86267061089989,62.27589984325992,0.16096490035442845,10669.0
NUWARAELIYA,427.0,1694.0,11.0,427.0,1693.0,11.0,4357.0,3791.0,3858.0,3905.0,1201.0,4690.0,Bg 310,26.21306024049592,63.866391657319475,0.2916200835329998,2132.0
MATARA,2896.0,3178.0,4575.0,2896.0,3178.0,4575.0,3166.0,3003.0,2745.0,2936.0,8407.0,24687.0,Kalu Heenati,26.095059298697603,63.84137516873317,0.31945233997878497,10649.0
HAMBANTOTA,29175.0,5131.0,947.0,29173.0,5128.0,945.0,5624.0,4414.0,3115.0,5381.0,30794.0,165702.0,Suwandel,26.75170028715217,64.55708080536883,0.1697125918285057,35253.0
MANNAR,2275.0,705.0,2786.0,2274.0,704.0,2767.0,2060.0,2583.0,3301.0,2184.0,2843.0,6210.0,Bg 250,28.844586652942844,64.1648151794823,0.3826582850085032,5766.0
VAVUNIYA,3002.0,2514.0,2786.0,3002.0,2514.0,2767.0,4305.0,4021.0,3301.0,4175.0,5204.0,21731.0,Bg 251,30.002171458900435,79.22624234409643,0.2859866504244083,8302.0
MULATIVU,6348.0,1874.0,2786.0,6348.0,1858.0,2767.0,4008.0,4846.0,3301.0,4198.0,7743.0,32502.0,Moddaikaruppan,29.62138163702412,65.45640253197435,0.307317080798274,11008.0
KILLINOCHCHI,9099.0,110.0,2786.0,9099.0,110.0,2767.0,4335.0,4669.0,3301.0,4339.0,8173.0,35463.0,Pachchaperumal,26.9595372786216,70.3700184997159,0.28222882408146843,11995.0
BATTICALOA,29152.0,4430.0,70.0,29152.0,4430.0,70.0,3629.0,3331.0,3146.0,3589.0,29701.0,106587.0,Murungakayan,31.68405696464236,86.90365229718036,0.2702289182625978,33652.0
AMPARA,60453.0,2270.0,442.0,60449.0,2270.0,442.0,5571.0,4860.0,3710.0,5532.0,60363.0,333935.0,Ld 368,30.16527841687038,74.21884920788617,0.3178920993924654,63165.0
TRINCOMALEE,24761.0,4012.0,2786.0,24761.0,4012.0,2767.0,5050.0,5067.0,3301.0,5053.0,26730.0,135054.0,Bg 379-2,28.880478367579805,80.02673215563081,0.19657207377921376,31559.0
KURUNEGALA,14542.0,26293.0,16267.0,14474.0,26044.0,16179.0,4396.0,3773.0,2989.0,3708.0,56696.0,210243.0,Pachchaperumal,29.282045223640466,65.1695961360489,0.20457843914858134,57102.0
PUTTALAM,7073.0,8008.0,1013.0,6726.0,7551.0,913.0,3804.0,3496.0,3115.0,3609.0,12911.0,46600.0,Bg 352,27.93720043699453,65.76867056426012,0.40853568630405523,16094.0
ANURADHAPURA,40585.0,20741.0,373.0,40579.0,20708.0,373.0,5232.0,4161.0,3657.0,4863.0,49580.0,241103.0,Pachchaperumal,26.7341169265081,61.226058487994365,0.43383463864008986,61699.0
POLONNARUWA,58751.0,7863.0,2786.0,58751.0,7863.0,2767.0,5791.0,5154.0,3301.0,5716.0,58927.0,336801.0,Moddaikaruppan,27.49180875055883,65.06805189216493,0.2619927948839259,69400.0
BADULLA,8194.0,3986.0,13.0,8194.0,3970.0,13.0,5117.0,4735.0,4311.0,4992.0,10351.0,51667.0,At 354,30.304922773250585,68.35771017095875,0.23122340194306612,12193.0
MONARAGALA,8391.0,6968.0,1100.0,8354.0,6967.0,1099.0,4782.0,4102.0,2403.0,4334.0,16091.0,69742.0,Bg 300,25.10075442040829,65.3103145283024,0.34319986297170474,16459.0
RATNAPURA,4479.0,4485.0,1367.0,4479.0,4485.0,1367.0,6678.0,3119.0,2394.0,4566.0,8781.0,40096.0,Bg 352,25.812508483548413,62.66107601271167,0.2726202513294289,10331.0
COLOMBO,307.0,727.0,2823.0,307.0,727.0,2821.0,3602.0,3694.0,3744.0,3723.0,3276.0,12198.0,Bg 360,25.322018494152267,63.61907613301803,0.15761590669810346,3857.0
GAMPAHA,1858.0,4062.0,6530.0,1841.0,4038.0,6477.0,4137.0,3838.0,3587.0,3751.0,10502.0,39390.0,Ld 253,25.28510161623279,73.82336304098177,0.1968457792098571,12450.0
KALUTARA,220.0,1681.0,11118.0,220.0,1662.0,11028.0,3273.0,3340.0,3362.0,3358.0,11910.0,39990.0,At 354,30.98822408807705,66.19001155217377,0.3647916686542193,13019.0
KANDY,4242.0,5293.0,2651.0,4242.0,5292.0,2650.0,6162.0,3824.0,4201.0,4720.0,9635.0,45478.0,Maa Wee,29.925605015660167,70.92809583144226,0.3476771825730454,12186.0
MATALE,7303.0,7225.0,4380.0,7301.0,7218.0,4363.0,5990.0,5605.0,5237.0,5669.0,16980.0,96263.0,Bg 379-2,28.319216803611276,75.1025181256457,0.15812879775104505,18908.0
NUWARAELIYA,865.0,4004.0,8.0,865.0,4004.0,8.0,4420.0,5154.0,2872.0,5020.0,2748.0,13798.0,Bg 359,25.684839124557012,80.71184485888097,0.21659164857988483,4877.0
GALLE,255.0,2196.0,11060.0,248.0,2163.0,10935.0,2340.0,3361.0,3435.0,3403.0,10444.0,35538.0,Bg 369,28.441311125817826,61.17936419523297,0.21932243897642142,13511.0
MATARA,4312.0,3291.0,6511.0,4264.0,3170.0,6495.0,3770.0,3716.0,3401.0,3585.0,10997.0,39430.0,Bg 369,28.31430239546396,83.98231196727127,0.35156782307961854,14114.0
HAMBANTOTA,28878.0,4886.0,1148.0,28878.0,4866.0,1146.0,6224.0,4494.0,3197.0,5883.0,30483.0,179336.0,Ld 253,26.212413089370106,78.83701168472723,0.15591316132630925,34912.0
MANNAR,16069.0,4057.0,116.0,16062.0,4008.0,74.0,5500.0,4177.0,3075.0,5228.0,19234.0,100561.0,At 353,28.03696154466581,62.45277095846616,0.18123257459537215,20242.0
VAVUNIYA,4412.0,12249.0,2715.0,4400.0,12147.0,2715.0,4787.0,4105.0,4050.0,4253.0,18174.0,77297.0,H4,27.789533140781614,86.20735872320331,0.38997482561195684,19376.0
MULATIVU,7965.0,5315.0,9501.0,7928.0,5315.0,9501.0,4293.0,5112.0,3770.0,4266.0,21459.0,91546.0,Maa Wee,29.310950686365516,87.6261720159544,0.20356339861630007,22781.0
KILLINOCHCHI,12171.0,578.0,14609.0,12171.0,578.0,14609.0,3439.0,3712.0,3542.0,3500.0,24277.0,84963.0,H4,29.445655556073508,61.83233879564591,0.34582383235556247,27358.0
BATTICALOA,24514.0,3825.0,38735.0,23698.0,3815.0,38117.0,3810.0,4134.0,3776.0,3809.0,57925.0,220640.0,Bg 366,25.317128068404312,68.30632944441611,0.22145483431401797,67074.0
AMPARA,60673.0,4471.0,16005.0,60426.0,4396.0,15110.0,4996.0,5083.0,3826.0,4780.0,76391.0,365123.0,Bg 450,27.6222883023853,84.18603839379185,0.17983241782780354,81149.0
TRINCOMALEE,21161.0,7530.0,11147.0,21161.0,7530.0,11147.0,4450.0,4295.0,3839.0,4250.0,37009.0,157272.0,Moddaikaruppan,29.381019409999656,82.44779071150975,0.22295165729983624,39838.0
KURUNEGALA,17094.0,33418.0,25545.0,17078.0,33230.0,25326.0,4442.0,3485.0,3704.0,3775.0,75634.0,285481.0,Bg 250,28.521953810060616,65.53563058069132,0.3666800795566978,76057.0
PUTTALAM,8077.0,9672.0,1905.0,7978.0,9409.0,1847.0,4348.0,3218.0,3835.0,3746.0,16348.0,61240.0,Maa Wee,30.995428888318255,66.28047970010131,0.40670894043188577,19654.0
ANURADHAPURA,51479.0,48058.0,13012.0,51406.0,47959.0,13001.0,5723.0,4786.0,3773.0,5098.0,90353.0,460585.0,Bg 369,29.610855421332616,71.11416308374146,0.3990659593700975,112549.0
POLONNARUWA,57596.0,6526.0,2401.0,57596.0,6526.0,2401.0,5259.0,5396.0,3811.0,5220.0,58846.0,307190.0,Bg 406,26.140540989570006,74.53568955573064,0.2691550588855365,66523.0
BADULLA,10535.0,9081.0,3952.0,10535.0,9081.0,3952.0,5334.0,4813.0,3699.0,4859.0,20033.0,97344.0,Kuruluthuda,25.49398123180301,78.54764314590888,0.3504255409711939,23568.0
MONARAGALA,8815.0,10685.0,15400.0,8813.0,10573.0,14828.0,5652.0,4536.0,4019.0,4599.0,33530.0,154218.0,At 353,29.49693494744421,71.06740918709318,0.21149528862474629,34900.0
RATNAPURA,4074.0,6007.0,3277.0,4074.0,6000.0,3277.0,6033.0,3824.0,3689.0,4465.0,11348.0,50666.0,H4,25.185579173791353,73.87604148399444,0.237944319078304,13358.0
COLOMBO,388.0,638.0,3189.0,388.0,637.0,3186.0,2947.0,2699.0,2875.0,2855.0,3580.0,10222.0,Bw 367,29.100429068914245,82.4241281440127,0.41890074555633594,4215.0
GAMPAHA,1859.0,2144.0,8345.0,1847.0,2127.0,8275.0,3705.0,3516.0,3380.0,3453.0,10411.0,35911.0,Ld 368,31.581611689974704,61.10049608671794,0.1539005770532208,12348.0
KALUTARA,140.0,1428.0,11580.0,139.0,1417.0,11515.0,2554.0,2600.0,2753.0,2735.0,12058.0,32973.0,Bg 403,29.02831924513115,67.57310833032062,0.17565255925634043,13148.0
KANDY,4360.0,5673.0,3145.0,4360.0,5669.0,3143.0,3987.0,3629.0,3052.0,3610.0,10417.0,37603.0,At 362,27.717189483445654,81.40048757653658,0.2123658765438082,13178.0
MATALE,7657.0,8197.0,4420.0,7657.0,8190.0,4416.0,4134.0,4391.0,4042.0,4218.0,18223.0,76864.0,At 307,29.50301752909647,86.85620513061598,0.1579596611621459,20274.0
NUWARAELIYA,877.0,4066.0,17.0,877.0,4059.0,17.0,3767.0,3935.0,3858.0,3905.0,2791.0,10898.0,Bg 403,28.207770233440616,75.35032326346999,0.2044306305269392,4960.0
MATARA,3825.0,4239.0,6503.0,3779.0,4199.0,6485.0,3765.0,3688.0,3014.0,3406.0,11418.0,38884.0,Bg 403,28.819317525211545,75.96340455795946,0.3249124682909077,14567.0
HAMBANTOTA,30406.0,5649.0,1292.0,30390.0,5607.0,1292.0,5754.0,4364.0,3524.0,5468.0,32579.0,178137.0,Bw 364,31.590253661435675,63.21516034019328,0.2764273651777494,37347.0
MANNAR,15196.0,6477.0,444.0,15193.0,6476.0,444.0,3802.0,2972.0,746.0,3497.0,21113.0,73839.0,Bg 450,27.702718464605418,73.42237100470363,0.41780151332309245,22117.0
VAVUNIYA,4792.0,14342.0,4369.0,4779.0,14059.0,4171.0,3405.0,2745.0,2626.0,2861.0,21710.0,62101.0,Bg 94-1,31.7283339467674,75.9785179936507,0.3952330685215323,23503.0
MULATIVU,8772.0,5335.0,11545.0,8772.0,5335.0,11545.0,3537.0,3226.0,2824.0,3152.0,24203.0,76274.0,Bg 403,31.337454493692448,67.27411510904189,0.25254520550936277,25652.0
KILLINOCHCHI,11880.0,425.0,15578.0,11880.0,425.0,15207.0,3387.0,3261.0,3157.0,3258.0,24414.0,79545.0,Bg 252,26.370537943525076,68.07729692848143,0.22782703002938776,27883.0
BATTICALOA,30212.0,4014.0,37207.0,30212.0,4014.0,37207.0,3800.0,3220.0,2494.0,3088.0,63047.0,194671.0,Maa Wee,25.485529106126158,71.31852489313869,0.26390772245018007,71433.0
AMPARA,60740.0,3796.0,16017.0,60720.0,3457.0,15709.0,4487.0,3878.0,3018.0,4172.0,76347.0,318517.0,Suwandel,25.705446009641985,60.602135933331795,0.32708848275444236,80553.0
TRINCOMALEE,24819.0,10084.0,13700.0,24809.0,10065.0,13700.0,3684.0,2686.0,2483.0,3138.0,45126.0,141623.0,Bg 352,25.127552779560848,69.66237496749535,0.23041909224686288,48603.0
KURUNEGALA,17552.0,34443.0,26258.0,17523.0,34276.0,26058.0,4391.0,3568.0,3588.0,3760.0,77857.0,292723.0,Bg 379-2,25.661100725291497,66.34344020989634,0.3372446723547402,78253.0
PUTTALAM,6683.0,10406.0,2280.0,6595.0,10245.0,2193.0,4145.0,3305.0,3077.0,3570.0,16178.0,57756.0,At 353,29.7810474139145,69.82492056533744,0.27282349565737213,19369.0
ANURADHAPURA,55236.0,47959.0,15623.0,55089.0,47181.0,15087.0,4730.0,3240.0,2539.0,3849.0,94367.0,363239.0,Bg 300,25.498320539221602,63.59286395457754,0.3156141542555941,118818.0
POLONNARUWA,58842.0,7768.0,2877.0,58842.0,7737.0,2870.0,4383.0,4935.0,3696.0,4416.0,61434.0,271313.0,Maa Wee,27.23282941205633,86.71581842219685,0.28083795874059503,69487.0
BADULLA,10718.0,10022.0,5026.0,10718.0,10007.0,5026.0,3677.0,4051.0,2855.0,3662.0,21889.0,80152.0,At 307,30.91412717678618,77.80777360662145,0.2383397278625753,25766.0
MONARAGALA,9454.0,11767.0,14407.0,9446.0,11741.0,14386.0,4913.0,4429.0,3058.0,4003.0,34861.0,139548.0,Bg 374,25.16290355015078,80.37306957433469,0.434535992088647,35628.0
RATNAPURA,4683.0,6687.0,3271.0,4683.0,6662.0,3253.0,5292.0,3262.0,2578.0,3761.0,12409.0,46666.0,Bg 379-2,30.70127937812255,83.67513715822015,0.37908173824792823,14641.0
COLOMBO,231.0,205.0,1575.0,231.0,205.0,1575.0,2526.0,2180.0,2646.0,2584.0,1710.0,4419.0,Bg 359,26.9729834234138,74.95326596787172,0.19203395272993576,2011.0
GAMPAHA,1289.0,1229.0,4519.0,1289.0,1227.0,4514.0,3152.0,3497.0,3022.0,3129.0,5976.0,18700.0,Moddaikaruppan,25.827153793351595,62.60760864262271,0.4105403927693738,7037.0
KALUTARA,47.0,726.0,5844.0,47.0,725.0,5839.0,2991.0,2410.0,2476.0,2472.0,6099.0,15078.0,Suwandel,29.877160157549056,76.11319625455644,0.29622935947485407,6617.0
KANDY,4190.0,2671.0,2028.0,4190.0,2671.0,2028.0,4663.0,2938.0,2981.0,3761.0,7029.0,26435.0,Bg 251,29.40259992745919,77.60523354062637,0.4183656680682275,8889.0
MATALE,7217.0,4409.0,936.0,7205.0,4398.0,934.0,4588.0,4129.0,2911.0,4302.0,11274.0,48503.0,Bg 369,31.142304094689372,82.36318422552989,0.3899565767841946,12562.0
NUWARAELIYA,396.0,1686.0,2.0,387.0,1676.0,2.0,4842.0,3732.0,3858.0,3941.0,1164.0,4587.0,H4,30.1454973066272,72.94978638689038,0.27756405134077006,2084.0
MATARA,2687.0,3141.0,4024.0,2687.0,3141.0,4024.0,4453.0,4035.0,3594.0,3969.0,7778.0,30869.0,H4,30.62436651269394,63.82740908386691,0.1567407924960352,9852.0
HAMBANTOTA,29034.0,5692.0,1005.0,29030.0,5685.0,1005.0,6224.0,5402.0,3504.0,6017.0,31209.0,187772.0,Bg 251,26.974242007999145,68.51327717396174,0.23060320781548382,35731.0
MANNAR,6500.0,4529.0,2786.0,6500.0,4524.0,2767.0,4813.0,4240.0,3301.0,4578.0,10526.0,48184.0,Bg 310,26.24207680645806,70.89246889195906,0.3124902643982601,13815.0
VAVUNIYA,3609.0,4665.0,2786.0,3604.0,4658.0,2767.0,4275.0,3949.0,3301.0,4092.0,7795.0,31895.0,Maa Wee,30.254303261486008,79.37751723994803,0.3400434659478442,11060.0
MULATIVU,5609.0,2315.0,2786.0,5609.0,2315.0,2767.0,4956.0,4448.0,3301.0,4808.0,7476.0,35946.0,At 362,30.64784317487085,77.12334914006736,0.22736630562996069,10710.0
KILLINOCHCHI,11041.0,185.0,91.0,11041.0,185.0,91.0,4735.0,3741.0,4851.0,4719.0,10042.0,47395.0,Bg 300,31.933535994004714,70.68290177693538,0.19180682222184725,11317.0
BATTICALOA,28601.0,4430.0,81.0,28601.0,4430.0,81.0,4780.0,4551.0,2728.0,4745.0,29224.0,138654.0,Moddaikaruppan,27.888323738379984,89.59545746378939,0.40047907103978975,33112.0
AMPARA,61980.0,2530.0,481.0,61980.0,2530.0,481.0,5291.0,4885.0,5284.0,5275.0,62111.0,327621.0,Bw 312,27.60412660054948,78.17324458070661,0.4453206542110657,64991.0
TRINCOMALEE,24921.0,6245.0,2786.0,24921.0,6245.0,2767.0,5294.0,4731.0,3301.0,5181.0,28953.0,150014.0,At 362,30.434890725193977,67.11680375207983,0.3077070546908057,33952.0
KURUNEGALA,16897.0,31350.0,20968.0,16892.0,31312.0,20846.0,5145.0,4125.0,4002.0,4337.0,69050.0,299492.0,At 362,27.385624781771124,63.05347417861211,0.20150378575449104,69215.0
PUTTALAM,8265.0,8766.0,957.0,8248.0,8736.0,945.0,4103.0,3641.0,3351.0,3838.0,15240.0,58496.0,Bg 403,31.515301279224953,64.58577417552996,0.2316921979558107,17988.0
ANURADHAPURA,47906.0,32230.0,2555.0,47863.0,32198.0,2552.0,5201.0,4730.0,5007.0,5011.0,66428.0,332886.0,Bg 250,31.008889262901082,67.37873185153525,0.15551720296424001,82691.0
POLONNARUWA,58909.0,7858.0,281.0,58909.0,7858.0,281.0,5304.0,4401.0,3686.0,5191.0,59311.0,307904.0,Moddaikaruppan,28.00295819162513,64.82044119778666,0.4242896419681498,67048.0
BADULLA,8225.0,4162.0,25.0,8224.0,4162.0,25.0,4540.0,4243.0,4141.0,4440.0,10549.0,46834.0,H4,30.256097474540482,65.59701072153918,0.18532532486704234,12412.0
MONARAGALA,8545.0,8269.0,2484.0,8545.0,8269.0,2484.0,4659.0,4129.0,2847.0,4199.0,18913.0,79415.0,Suwandel,30.281800118592777,68.55285506081542,0.3229549426542761,19298.0
RATNAPURA,4392.0,4313.0,1192.0,4392.0,4229.0,1188.0,6169.0,3896.0,3122.0,4820.0,8337.0,40186.0,Bg 352,25.721867081851528,65.20120785884265,0.23221656620616182,9897.0
COLOMBO,321.0,646.0,2690.0,321.0,638.0,2689.0,3517.0,3318.0,3408.0,3402.0,3100.0,10547.0,Bw 363,31.317870346756965,86.90296273879275,0.31625340075473807,3657.0
GAMPAHA,1557.0,1673.0,7404.0,1517.0,1614.0,7275.0,2896.0,2839.0,3285.0,3159.0,8845.0,27942.0,At 362,28.536766607135,62.40701236984927,0.3454261165055593,10634.0
KALUTARA,78.0,1462.0,10007.0,75.0,1461.0,9957.0,2507.0,2790.0,3071.0,3032.0,10603.0,32142.0,Ld 253,30.78520226275419,75.73534168710763,0.3989225411121605,11547.0
KANDY,4365.0,5472.0,2984.0,4365.0,5470.0,2983.0,4745.0,3513.0,3098.0,3836.0,10137.0,38881.0,H4,27.24034720721428,72.31190480968985,0.21192638152818097,12821.0
MATALE,7365.0,7113.0,4398.0,7332.0,7106.0,4358.0,4713.0,4160.0,3975.0,4333.0,16903.0,73239.0,At 307,31.2686625994734,89.47135850725819,0.15329874859754414,18876.0
NUWARAELIYA,709.0,3805.0,13.0,709.0,3802.0,13.0,4388.0,4212.0,3785.0,4238.0,2549.0,10804.0,H4,27.724411751139144,63.36116706504157,0.1910656890206422,4527.0
MATARA,2537.0,2731.0,5108.0,2448.0,2691.0,5062.0,3395.0,3014.0,3119.0,3158.0,8054.0,25432.0,Bg 366,25.075863560362087,71.93566797137225,0.4200055925544316,10376.0
HAMBANTOTA,29547.0,5764.0,1216.0,29174.0,5593.0,1191.0,6005.0,4464.0,3052.0,5668.0,31417.0,178053.0,Bg 94-1,31.337673834934847,89.08411299826106,0.41216702326875465,36527.0
MANNAR,19739.0,7763.0,480.0,19739.0,7763.0,480.0,4580.0,3847.0,1708.0,4327.0,26717.0,115602.0,Bw 312,25.639006737502935,85.96521377681941,0.3292239306510925,27982.0
VAVUNIYA,4736.0,14332.0,4344.0,4655.0,13956.0,4175.0,4242.0,3866.0,3510.0,3878.0,21498.0,83359.0,Pokkali,27.235195463132904,84.5121621284784,0.33015505813009605,23412.0
MULATIVU,8952.0,5460.0,11230.0,8450.0,5188.0,9436.0,3387.0,3393.0,2458.0,3009.0,21771.0,65506.0,Bg 251,31.650433769355637,67.7370848113482,0.34951100236387667,25642.0
KILLINOCHCHI,11880.0,425.0,15556.0,11839.0,425.0,15553.0,2035.0,2203.0,1977.0,2005.0,24684.0,49494.0,Bg 360,31.654250028562892,65.12662762170197,0.20261138358703487,27861.0
BATTICALOA,30219.0,4142.0,37178.0,26347.0,3806.0,36838.0,2434.0,2491.0,2385.0,2410.0,59127.0,142522.0,Kalu Heenati,29.014065216863003,80.05929659773292,0.424323583777488,71539.0
AMPARA,61229.0,4118.0,16026.0,53088.0,3352.0,14605.0,4327.0,2573.0,2811.0,3933.0,67898.0,267017.0,At 307,29.422860485188593,87.88127967382758,0.27563115746762196,81373.0
TRINCOMALEE,24685.0,9982.0,13816.0,24685.0,9982.0,13816.0,4152.0,2765.0,2548.0,3409.0,45040.0,153558.0,Ld 368,28.13911865384824,76.70288679041789,0.26494155847484924,48483.0
KURUNEGALA,16000.0,34066.0,25241.0,15950.0,33754.0,24978.0,4141.0,3429.0,3461.0,3592.0,74682.0,268234.0,Bg 94-1,27.05247540188645,77.14838068409699,0.3056753115848513,75307.0
PUTTALAM,8065.0,10515.0,2072.0,7482.0,10031.0,1987.0,4240.0,3575.0,3700.0,3843.0,16576.0,63699.0,Bw 400,27.30065181758941,68.39937280980853,0.1640897900325165,20652.0
ANURADHAPURA,55880.0,52816.0,16805.0,55807.0,52690.0,16774.0,5388.0,4151.0,3666.0,4637.0,100730.0,467075.0,Suwandel,29.70762919253927,83.0847879957581,0.19988501062682382,125501.0
POLONNARUWA,59222.0,7816.0,2945.0,59196.0,7702.0,2945.0,4822.0,4023.0,3937.0,4697.0,61783.0,290191.0,Bg 359,30.26662170606376,65.6113124567257,0.37141008492791117,69983.0
BADULLA,10914.0,9936.0,5206.0,10914.0,9935.0,5204.0,4486.0,4820.0,3891.0,4494.0,22145.0,99528.0,At 307,30.54105330608094,69.71037709212732,0.17483960037753793,26056.0
MONARAGALA,9375.0,11689.0,15421.0,9370.0,11686.0,15419.0,4871.0,4385.0,3515.0,4142.0,35745.0,148069.0,Bw 400,30.52732699956188,72.76309315849251,0.3309456328399165,36485.0
RATNAPURA,4486.0,5799.0,2645.0,4485.0,5787.0,2636.0,6144.0,3416.0,3109.0,4301.0,10971.0,47224.0,Bg 406,25.638442721340834,75.22831136053365,0.2236047329043963,12930.0
COLOMBO,299.0,504.0,2506.0,297.0,504.0,2499.0,3289.0,3382.0,2717.0,2870.0,2805.0,8051.0,Bg 300,28.46094213291807,67.27229197245241,0.26678868421259294,3309.0
GAMPAHA,1410.0,1494.0,7022.0,1407.0,1494.0,7008.0,3277.0,2906.0,3391.0,3302.0,8423.0,27810.0,Bw 364,25.40291132011651,63.445104742176106,0.23660812103120998,9926.0
KALUTARA,59.0,985.0,8589.0,59.0,982.0,8589.0,3167.0,2988.0,2695.0,2727.0,8884.0,24229.0,Kuruluthuda,28.84670217626615,78.31860127324897,0.25670181493948474,9633.0
KANDY,4332.0,4288.0,2582.0,4332.0,4288.0,2581.0,3833.0,3261.0,3252.0,3480.0,8858.0,30827.0,Bw 363,28.09071350961364,68.65891659720768,0.3657137715552737,11202.0
MATALE,7453.0,6162.0,4174.0,7451.0,6155.0,4173.0,4649.0,4377.0,4447.0,4507.0,15989.0,72064.0,Ld 253,31.213929279308097,77.43714664267837,0.23913651468695252,17789.0
NUWARAELIYA,684.0,3679.0,11.0,675.0,3671.0,11.0,3290.0,3174.0,1635.0,3188.0,2455.0,7826.0,Bg 300,27.45640508786455,64.63088145822607,0.31992139208906917,4374.0
MATARA,2922.0,3156.0,4733.0,2922.0,3154.0,4733.0,4112.0,3427.0,3121.0,3479.0,8534.0,29671.0,Bw 363,25.81946911499324,74.43420305564453,0.2928151206597299,10811.0
HAMBANTOTA,29320.0,5891.0,1127.0,29213.0,5834.0,1127.0,6043.0,4452.0,4063.0,5725.0,31606.0,180925.0,Bw 364,26.00094177436985,75.97768297654758,0.34910134960879446,36338.0
MANNAR,14259.0,6349.0,497.0,14187.0,6184.0,458.0,5315.0,3627.0,3569.0,4776.0,19887.0,94978.0,H4,30.330574422022305,61.55470610467281,0.4310489217974275,21105.0
VAVUNIYA,4754.0,14309.0,4207.0,4592.0,13854.0,4130.0,3127.0,3677.0,4015.0,3627.0,21300.0,77250.0,Bw 367,29.327526443213827,70.09812834581761,0.36977162916307516,23270.0
MULATIVU,8988.0,5465.0,11184.0,7532.0,4678.0,9407.0,3544.0,3161.0,2317.0,2927.0,20395.0,59691.0,Suwandel,25.70785873285953,64.03244030816923,0.21448211357722702,25637.0
KILLINOCHCHI,11880.0,425.0,15557.0,11841.0,425.0,15540.0,2663.0,2659.0,2397.0,2514.0,24675.0,62033.0,Murungakayan,25.588747642804982,61.90124911418303,0.1593549405183854,27862.0
BATTICALOA,30219.0,4142.0,37176.0,29229.0,4031.0,37032.0,2529.0,2294.0,2549.0,2526.0,62040.0,156727.0,Maa Wee,29.90678392021384,89.69880697169836,0.22867921328994753,71537.0
AMPARA,62340.0,4108.0,15009.0,57310.0,3611.0,14022.0,4223.0,4252.0,2676.0,3935.0,71623.0,281814.0,Bw 361,25.509341044549355,69.67061534924169,0.32852337921007646,81457.0
TRINCOMALEE,24681.0,9871.0,13767.0,24681.0,9871.0,13767.0,4290.0,3982.0,3159.0,3905.0,44888.0,175283.0,Murungakayan,30.753020415032495,84.29623337563905,0.1654277440452751,48319.0
KURUNEGALA,18358.0,36552.0,27001.0,18327.0,36167.0,26849.0,4656.0,3968.0,3540.0,3982.0,81343.0,323867.0,Bg 352,29.943695590095473,67.63921964291292,0.29890987416037096,81911.0
PUTTALAM,8170.0,10137.0,1882.0,8099.0,9906.0,1818.0,4514.0,3618.0,3489.0,3972.0,16849.0,66930.0,Bg 94-1,25.5694414644933,80.44508166671788,0.3290528546750668,20189.0
ANURADHAPURA,56577.0,53536.0,17404.0,56485.0,53383.0,17335.0,5032.0,3759.0,3307.0,4263.0,102284.0,435988.0,Bg 403,25.593863998596344,82.80683579669059,0.25027316724508825,127517.0
POLONNARUWA,59401.0,7852.0,2923.0,59290.0,7421.0,2923.0,4831.0,4772.0,4099.0,4794.0,61598.0,295310.0,Bg 252,31.90647704950823,77.86916221823533,0.3812736611237466,70176.0
BADULLA,10677.0,9496.0,5124.0,10677.0,9496.0,5124.0,4147.0,4224.0,3144.0,3973.0,21502.0,85428.0,Bg 250,27.619895570292844,74.14728565650475,0.18197947594013153,25297.0
MONARAGALA,9236.0,11355.0,15247.0,9236.0,11355.0,15247.0,5326.0,4299.0,3301.0,4139.0,35121.0,145378.0,Attakkari,27.594495029468238,72.35522742441806,0.17254133452074263,35838.0
RATNAPURA,4454.0,5348.0,2202.0,4454.0,5348.0,2202.0,6592.0,3124.0,3167.0,4419.0,10204.0,45085.0,Bg 450,30.68959697080252,70.46604799628986,0.36845662686108105,12004.0
COLOMBO,210.0,278.0,1730.0,208.0,278.0,1729.0,2133.0,2542.0,2372.0,2371.0,1883.0,4464.0,Pachchaperumal,31.630740041687012,87.88587432743478,0.29864739486185954,2218.0
GAMPAHA,1570.0,1481.0,5609.0,1454.0,1474.0,5539.0,2370.0,3242.0,2424.0,2557.0,7197.0,18401.0,Bw 367,31.902007446760095,84.91858223363187,0.3565207189283208,8660.0
KALUTARA,112.0,1090.0,7930.0,112.0,1090.0,7913.0,3122.0,2946.0,2415.0,2487.0,8408.0,20913.0,Bw 400,30.27364729681259,88.95080731999538,0.2804482015811239,9132.0
KANDY,4196.0,3296.0,2408.0,4196.0,3266.0,2399.0,4811.0,2846.0,3172.0,3762.0,7798.0,29335.0,Ld 253,27.63381709871641,63.728916704566345,0.22392060997173205,9900.0
MATALE,6820.0,4124.0,813.0,6771.0,4039.0,756.0,4293.0,3716.0,2527.0,3976.0,10402.0,41359.0,At 362,25.58450501689068,81.92602425610933,0.39573069530225996,11757.0
NUWARAELIYA,520.0,1916.0,3.0,520.0,1913.0,3.0,4177.0,4104.0,3694.0,4119.0,1372.0,5653.0,Bg 352,30.440028411492058,88.15021370463114,0.3898247636906938,2439.0
MATARA,3469.0,3941.0,5562.0,2201.0,2697.0,4811.0,3573.0,2930.0,2775.0,2999.0,7666.0,22989.0,Bg 310,28.908829748150637,65.43699198496981,0.35840894125632805,12972.0
HAMBANTOTA,29254.0,4558.0,1135.0,27781.0,4128.0,1011.0,5289.0,4253.0,2938.0,5087.0,28762.0,146310.0,Bg 360,27.969554064728833,61.99488802100333,0.23164354116898883,34947.0
MANNAR,1983.0,391.0,2786.0,1982.0,387.0,2767.0,5045.0,3704.0,3301.0,4826.0,2262.0,10918.0,Moddaikaruppan,31.34448069566315,82.23361947870177,0.32706920006072615,5160.0
VAVUNIYA,2063.0,3640.0,2786.0,2036.0,3494.0,2767.0,4068.0,4074.0,3301.0,4071.0,5218.0,21243.0,H4,25.77838237614306,77.23419339539736,0.258292169082008,8489.0
MULATIVU,4203.0,1549.0,2786.0,4203.0,1549.0,2767.0,4428.0,4389.0,3301.0,4418.0,5427.0,23973.0,Bg 359,28.448375730036012,85.25486330274816,0.17747462199799025,8538.0
KILLINOCHCHI,6807.0,75.0,2786.0,6807.0,75.0,2767.0,3999.0,3010.0,3301.0,3988.0,6107.0,24355.0,Pachchaperumal,25.079475513371932,64.19317129878868,0.4251940726386729,9668.0
BATTICALOA,29078.0,4418.0,70.0,29078.0,4418.0,70.0,3580.0,3401.0,3549.0,3557.0,29625.0,105366.0,Bw 363,28.280624493958882,83.8580193557967,0.19104558927568843,33566.0
AMPARA,60510.0,2308.0,366.0,60506.0,2304.0,366.0,4358.0,3986.0,3251.0,4338.0,60377.0,261938.0,Bw 400,25.394122929772863,66.04881960143234,0.43507120614624073,63184.0
TRINCOMALEE,23787.0,4726.0,136.0,23787.0,4726.0,136.0,4979.0,3757.0,3577.0,4771.0,26615.0,126977.0,Bg 300,25.831725413876505,64.90967828597114,0.2838017318873868,28649.0
KURUNEGALA,15199.0,28892.0,21197.0,14993.0,26925.0,17933.0,4237.0,3301.0,3004.0,3447.0,59851.0,206292.0,Bw 364,25.822683727439735,64.92797393792979,0.2055398786515859,65288.0
PUTTALAM,8189.0,8341.0,1142.0,8180.0,8049.0,1041.0,4180.0,3443.0,3730.0,3810.0,14680.0,55932.0,Bg 251,29.544472114812443,84.43724160694146,0.31257028421350747,17672.0
ANURADHAPURA,43099.0,22007.0,418.0,42888.0,21549.0,415.0,4563.0,3790.0,3969.0,4302.0,52148.0,224321.0,Suwandel,30.222314154857962,79.955916620886,0.4118837507629225,65524.0
POLONNARUWA,58149.0,7852.0,32.0,58147.0,7811.0,32.0,4986.0,4421.0,3686.0,4918.0,58375.0,287105.0,Bg 251,29.083581355680117,75.69196274307357,0.36966746592286837,66033.0
BADULLA,8251.0,4785.0,163.0,8251.0,4762.0,163.0,4592.0,4491.0,4451.0,4554.0,11200.0,51003.0,Bg 94-1,31.735207839321795,70.76491452370507,0.391968344358435,13199.0
MONARAGALA,8277.0,6787.0,1497.0,8274.0,6737.0,1479.0,4455.0,3823.0,2555.0,4026.0,16160.0,65066.0,Bg 374,27.62409405666593,86.31601622439325,0.34763501001321523,16561.0
RATNAPURA,4430.0,4584.0,1473.0,4397.0,4564.0,1463.0,5661.0,3164.0,3002.0,4195.0,8861.0,37169.0,Kuruluthuda,26.999984603973026,71.77335322267906,0.35768296935535576,10487.0
COLOMBO,324.0,710.0,2796.0,324.0,710.0,2777.0,3321.0,2236.0,2500.0,2521.0,3239.0,8166.0,Pokkali,31.08019389732622,84.49798318414732,0.40475869546959586,3830.0
GAMPAHA,1659.0,3076.0,6776.0,1556.0,3036.0,6610.0,2056.0,2671.0,3105.0,2842.0,9522.0,27059.0,Murungakayan,26.56517086963617,73.17404725710655,0.2249004026577558,11511.0
KALUTARA,145.0,1573.0,10221.0,129.0,1544.0,9893.0,3716.0,2341.0,2583.0,2563.0,10669.0,27349.0,Bw 364,31.74255777608428,71.30833288274722,0.29682748909294215,11939.0
KANDY,4268.0,5181.0,2762.0,4268.0,5176.0,2757.0,3092.0,3190.0,3540.0,3235.0,9649.0,31211.0,Pachchaperumal,25.085081322828714,73.88039357008819,0.21636283254588068,12211.0
MATALE,7628.0,7839.0,4525.0,7593.0,7815.0,4512.0,3089.0,3601.0,3304.0,3339.0,17914.0,59812.0,Bg 252,31.789151786953475,69.04133622492427,0.44630040239899416,19992.0
NUWARAELIYA,900.0,4133.0,11.0,900.0,4126.0,8.0,4652.0,3763.0,3870.0,3922.0,2836.0,11126.0,Pachchaperumal,25.302119383654034,82.42828140528754,0.433217801905984,5044.0
GALLE,144.0,1756.0,9335.0,144.0,1706.0,9071.0,2653.0,2825.0,2453.0,2514.0,8546.0,21486.0,Bg 252,31.238001795886497,75.08161170277438,0.16182804341055176,11235.0
MATARA,4259.0,3193.0,6233.0,4105.0,2963.0,6110.0,3149.0,2625.0,2573.0,2764.0,10404.0,28761.0,Bg 406,28.6939077636041,66.96638085440452,0.3616725517547066,13685.0
HAMBANTOTA,29498.0,5463.0,1143.0,29438.0,5438.0,1131.0,4144.0,3180.0,3202.0,3969.0,31459.0,124870.0,Bw 361,31.950753572835104,86.98723719823705,0.4275744952246998,36104.0
MANNAR,16114.0,4257.0,95.0,15995.0,4094.0,82.0,2702.0,2534.0,1304.0,2662.0,19259.0,51276.0,Bw 361,25.516575953147793,71.51673664119635,0.20417260353820005,20466.0
VAVUNIYA,4432.0,12374.0,2053.0,4432.0,12374.0,2053.0,2524.0,2377.0,2020.0,2373.0,17793.0,42222.0,At 362,28.876979990809247,76.30658583341966,0.32038356916578886,18859.0
MULATIVU,8095.0,4462.0,7433.0,8013.0,4411.0,7404.0,2267.0,2619.0,2158.0,2305.0,18707.0,43110.0,Pachchaperumal,31.785117749333693,87.19416332893641,0.4246464892764126,19990.0
KILLINOCHCHI,12171.0,577.0,14655.0,12171.0,577.0,14655.0,2847.0,2791.0,2172.0,2485.0,24317.0,60417.0,Bw 400,28.66168490919104,78.72713987741976,0.16018379357573964,27403.0
BATTICALOA,24312.0,3830.0,38378.0,24312.0,3830.0,38378.0,1918.0,1717.0,1456.0,1639.0,58711.0,96253.0,Kuruluthuda,29.40579046694684,63.50694122125092,0.359226080174052,66520.0
AMPARA,61692.0,4643.0,16107.0,61535.0,4612.0,15083.0,3046.0,2680.0,2141.0,2857.0,77631.0,221529.0,Suwandel,29.87024082289232,88.19496370840426,0.23920470221176524,82442.0
TRINCOMALEE,21078.0,7495.0,11077.0,21071.0,7490.0,11068.0,3199.0,2482.0,1762.0,2662.0,36815.0,98005.0,Bg 366,28.18178745337441,78.83124159214253,0.42731885861295915,39650.0
KURUNEGALA,17608.0,37541.0,26305.0,17562.0,37171.0,25876.0,3405.0,3060.0,3353.0,3229.0,80609.0,260302.0,Suwandel,29.392906560588443,70.04716843971258,0.4413174735496104,81454.0
PUTTALAM,8316.0,10591.0,2023.0,7836.0,9793.0,1849.0,2490.0,2281.0,2803.0,2415.0,16557.0,39985.0,At 354,29.090200183461704,64.17816217990162,0.43327994673403025,20930.0
ANURADHAPURA,52690.0,50615.0,13664.0,52616.0,50328.0,13621.0,3132.0,2698.0,2525.0,2873.0,93730.0,260448.0,Bw 372,31.308106073436925,83.82075567810888,0.2922642649972391,116969.0
POLONNARUWA,57364.0,6768.0,2404.0,57364.0,6768.0,2404.0,3175.0,2701.0,2506.0,3103.0,58858.0,182628.0,Bw 364,25.318124662390204,78.60218267785541,0.40861279529679406,66536.0
BADULLA,10490.0,8761.0,4944.0,10490.0,8751.0,4944.0,2830.0,3456.0,2686.0,3027.0,20557.0,62221.0,Bg 374,26.966742327145614,76.00383275928965,0.40336481956052117,24195.0
MONARAGALA,8708.0,10660.0,14993.0,8693.0,10552.0,14943.0,3957.0,3129.0,2321.0,2987.0,33504.0,100062.0,Bw 367,31.652880388535912,86.81677749152873,0.2457301419729767,34361.0
RATNAPURA,4168.0,5886.0,3038.0,4164.0,5857.0,3020.0,4524.0,2897.0,2676.0,3365.0,11085.0,37299.0,Bg 300,31.231846487236414,83.65791633673592,0.3986746422452032,13092.0
