District,Zone,Variety_Code,Year,Season,Cultivated_Extent_Ha,Age_Group,Grain_Type,Grain_Color,Salinity_Prone,Iron_Toxicity_Prone
Kurunegala,Intermediate Zone,Bg 379-2,2022,Yala,1867,4-4.5 Months,Long Grain (Nadu),White,No,No
Ratnapura,Wet Zone,Bg 366,2019,Yala,3987,3.5 Months,Long Grain (Nadu),White,No,No
Ratnapura,Wet Zone,Bg 310,2020,Yala,16518,3 Months,Long Grain (Nadu),White,Yes,No
Kalutara,Wet Zone,Bg 369,2019,Yala,265,3.5 Months,Long Grain (Nadu),White,Yes,No
Kalutara,Wet Zone,At 354,2022,Maha,258,3.5 Months,Long Grain (Nadu),White,Yes,No
Matale,Intermediate Zone,Ld 368,2024,Maha,3127,3.5 Months,Short Grain (Samba),Red,No,No
Mannar,Dry Zone,Bg 360,2024,Annual,7000,3.5 Months,Short Grain (Samba),White,No,No
Trincomalee,Dry Zone,Bw 364,2024,Yala,259,3.5 Months,Long Grain (Nadu),Red,No,Yes
Killinochchi,Dry Zone,Bg 359,2019,Yala,2015,3.5 Months,Long Grain (Nadu),White,No,No
Ampara,Dry Zone,Bg 379-2,2021,Maha,1473,4-4.5 Months,Long Grain (Nadu),White,No,No
Monaragala,Intermediate Zone,Bg 250,2020,Annual,5905,2.5 Months,Long Grain (Nadu),White,No,No
Monaragala,Intermediate Zone,Bg 310,2019,Maha,4327,3 Months,Long Grain (Nadu),White,Yes,No
Killinochchi,Dry Zone,At 354,2022,Annual,355,3.5 Months,Long Grain (Nadu),White,Yes,No
Ampara,Dry Zone,Bg 357,2023,Annual,12909,3.5 Months,Long Grain (Nadu),White,No,No
Puttalam,Dry Zone,At 362,2023,Yala,4577,3.5 Months,Long Grain (Nadu),Red,No,No
Monaragala,Intermediate Zone,At 303,2022,Yala,1914,3 Months,Long Grain (Nadu),Red,No,No
Galle,Wet Zone,Bg 94-1,2022,Maha,4863,3.5 Months,Long Grain (Nadu),White,No,No
Kurunegala,Intermediate Zone,Bg 94-1,2018,Yala,3138,3.5 Months,Long Grain (Nadu),White,No,No
Gampaha,Wet Zone,Bw 364,2018,Maha,368,3.5 Months,Long Grain (Nadu),Red,No,Yes
Trincomalee,Dry Zone,Bg 357,2024,Maha,13659,3.5 Months,Long Grain (Nadu),White,No,No
Badulla,Intermediate Zone,At 362,2021,Yala,5622,3.5 Months,Long Grain (Nadu),Red,No,No
Trincomalee,Dry Zone,Bw 367,2021,Maha,11646,3.5 Months,Short Grain (Samba),White,No,Yes
Anuradhapura,Dry Zone,Bw 367,2022,Annual,11186,3.5 Months,Short Grain (Samba),White,No,Yes
Trincomalee,Dry Zone,Attakkari,2024,Yala,6060,4-4.5 Months,Long Grain (Nadu),Red,No,No
Puttalam,Dry Zone,Bg 250,2019,Yala,5377,2.5 Months,Long Grain (Nadu),White,No,No
Kurunegala,Intermediate Zone,Bw 372,2021,Maha,3195,3.5 Months,Long Grain (Nadu),Red,No,Yes
Trincomalee,Dry Zone,Attakkari,2024,Maha,7133,4-4.5 Months,Long Grain (Nadu),Red,No,No
Killinochchi,Dry Zone,At 307,2024,Yala,5128,3 Months,Long Grain (Nadu),White,No,No
Ampara,Dry Zone,Bg 357,2022,Yala,10421,3.5 Months,Long Grain (Nadu),White,No,No
Kalutara,Wet Zone,Bg 360,2021,Maha,7545,3.5 Months,Short Grain (Samba),White,No,No
Kurunegala,Intermediate Zone,Bg 352,2018,Yala,23365,3.5 Months,Long Grain (Nadu),White,No,No
Kandy,Intermediate Zone,At 307,2018,Yala,5152,3 Months,Long Grain (Nadu),White,No,No
Badulla,Intermediate Zone,At 353,2018,Yala,897,3.5 Months,Long Grain (Nadu),Red,Yes,No
Puttalam,Dry Zone,At 354,2018,Maha,212,3.5 Months,Long Grain (Nadu),White,Yes,No
Kandy,Intermediate Zone,Bg 360,2023,Maha,8842,3.5 Months,Short Grain (Samba),White,No,No
Trincomalee,Dry Zone,Bw 372,2018,Yala,3476,3.5 Months,Long Grain (Nadu),Red,No,Yes
Kegalle,Wet Zone,Attakkari,2022,Yala,6951,4-4.5 Months,Long Grain (Nadu),Red,No,No
Ampara,Dry Zone,At 303,2021,Maha,1776,3 Months,Long Grain (Nadu),Red,No,No
Killinochchi,Dry Zone,Attakkari,2020,Yala,6363,4-4.5 Months,Long Grain (Nadu),Red,No,No
Batticaloa,Dry Zone,Bw 400,2022,Maha,70,4-4.5 Months,Long Grain (Nadu),Red,Yes,Yes
Gampaha,Wet Zone,Ld 368,2018,Yala,2518,3.5 Months,Short Grain (Samba),Red,No,No
Polonnaruwa,Dry Zone,Bw 367,2021,Yala,3642,3.5 Months,Short Grain (Samba),White,No,Yes
Hambantota,Dry Zone,Bw 364,2021,Maha,276,3.5 Months,Long Grain (Nadu),Red,No,Yes
Anuradhapura,Dry Zone,At 362,2024,Annual,9838,3.5 Months,Long Grain (Nadu),Red,No,No
Mullaitivu,Dry Zone,Attakkari,2024,Maha,6386,4-4.5 Months,Long Grain (Nadu),Red,No,No
Polonnaruwa,Dry Zone,Ld 368,2018,Maha,1973,3.5 Months,Short Grain (Samba),Red,No,No
Anuradhapura,Dry Zone,Ld 368,2023,Maha,3380,3.5 Months,Short Grain (Samba),Red,No,No
Badulla,Intermediate Zone,Bg 94-1,2020,Maha,24166,3.5 Months,Long Grain (Nadu),White,No,No
Kandy,Intermediate Zone,Bw 400,2023,Maha,71,4-4.5 Months,Long Grain (Nadu),Red,Yes,Yes
Gampaha,Wet Zone,Bw 372,2021,Maha,3106,3.5 Months,Long Grain (Nadu),Red,No,Yes
Hambantota,Dry Zone,Ld 368,2023,Annual,3542,3.5 Months,Short Grain (Samba),Red,No,No
Mullaitivu,Dry Zone,Bg 359,2019,Maha,2448,3.5 Months,Long Grain (Nadu),White,No,No
Badulla,Intermediate Zone,Bg 310,2018,Yala,8902,3 Months,Long Grain (Nadu),White,Yes,No
Polonnaruwa,Dry Zone,Bg 379-2,2024,Maha,1584,4-4.5 Months,Long Grain (Nadu),White,No,No
Polonnaruwa,Dry Zone,Bg 360,2020,Yala,5489,3.5 Months,Short Grain (Samba),White,No,No
Matara,Wet Zone,Bg 369,2023,Yala,902,3.5 Months,Long Grain (Nadu),White,Yes,No
Ampara,Dry Zone,At 303,2023,Maha,1834,3 Months,Long Grain (Nadu),Red,No,No
Anuradhapura,Dry Zone,At 353,2021,Maha,759,3.5 Months,Long Grain (Nadu),Red,Yes,No
Hambantota,Dry Zone,Bw 372,2018,Annual,2969,3.5 Months,Long Grain (Nadu),Red,No,Yes
Matara,Wet Zone,At 303,2023,Yala,1507,3 Months,Long Grain (Nadu),Red,No,No
Vavuniya,Dry Zone,Bg 359,2022,Maha,2980,3.5 Months,Long Grain (Nadu),White,No,No
Kandy,Intermediate Zone,At 303,2024,Yala,1742,3 Months,Long Grain (Nadu),Red,No,No
Mullaitivu,Dry Zone,Bg 357,2024,Maha,13720,3.5 Months,Long Grain (Nadu),White,No,No
Matara,Wet Zone,Bw 400,2019,Maha,99,4-4.5 Months,Long Grain (Nadu),Red,Yes,Yes
Ampara,Dry Zone,Bg 357,2019,Yala,13394,3.5 Months,Long Grain (Nadu),White,No,No
Badulla,Intermediate Zone,Bg 374,2023,Yala,2620,3.5 Months,Long Grain (Nadu),White,No,No
Hambantota,Dry Zone,Bw 312,2018,Maha,540,3 Months,Long Grain (Nadu),Red,No,Yes
Kurunegala,Intermediate Zone,Bg 310,2022,Yala,2135,3 Months,Long Grain (Nadu),White,Yes,No
Matara,Wet Zone,Ld 368,2023,Maha,2143,3.5 Months,Short Grain (Samba),Red,No,No
Ampara,Dry Zone,Bg 300,2024,Maha,14133,3 Months,Long Grain (Nadu),White,No,No
Kegalle,Wet Zone,At 354,2018,Yala,364,3.5 Months,Long Grain (Nadu),White,Yes,No
Kegalle,Wet Zone,Bg 374,2021,Yala,5932,3.5 Months,Long Grain (Nadu),White,No,No
Kalutara,Wet Zone,Bg 360,2022,Maha,9815,3.5 Months,Short Grain (Samba),White,No,No
Kandy,Intermediate Zone,Bg 250,2020,Maha,7541,2.5 Months,Long Grain (Nadu),White,No,No
Galle,Wet Zone,Bw 312,2021,Maha,520,3 Months,Long Grain (Nadu),Red,No,Yes
Mannar,Dry Zone,Attakkari,2019,Yala,7443,4-4.5 Months,Long Grain (Nadu),Red,No,No
Badulla,Intermediate Zone,Bg 360,2022,Yala,10364,3.5 Months,Short Grain (Samba),White,No,No
Puttalam,Dry Zone,Bg 300,2023,Yala,8540,3 Months,Long Grain (Nadu),White,No,No
Galle,Wet Zone,At 303,2018,Annual,1868,3 Months,Long Grain (Nadu),Red,No,No
Trincomalee,Dry Zone,At 354,2022,Maha,249,3.5 Months,Long Grain (Nadu),White,Yes,No
Polonnaruwa,Dry Zone,Bw 364,2022,Yala,301,3.5 Months,Long Grain (Nadu),Red,No,Yes
Trincomalee,Dry Zone,Bg 250,2018,Yala,8428,2.5 Months,Long Grain (Nadu),White,No,No
Trincomalee,Dry Zone,Bg 360,2019,Maha,9551,3.5 Months,Short Grain (Samba),White,No,No
Killinochchi,Dry Zone,Bg 352,2023,Maha,22135,3.5 Months,Long Grain (Nadu),White,No,No
Matale,Intermediate Zone,At 354,2022,Maha,252,3.5 Months,Long Grain (Nadu),White,Yes,No
Matale,Intermediate Zone,Bw 364,2019,Maha,330,3.5 Months,Long Grain (Nadu),Red,No,Yes
Galle,Wet Zone,Bg 310,2024,Annual,14875,3 Months,Long Grain (Nadu),White,Yes,No
Kandy,Intermediate Zone,Bw 400,2021,Yala,71,4-4.5 Months,Long Grain (Nadu),Red,Yes,Yes
Anuradhapura,Dry Zone,Bw 364,2020,Annual,307,3.5 Months,Long Grain (Nadu),Red,No,Yes
Anuradhapura,Dry Zone,At 362,2019,Yala,17615,3.5 Months,Long Grain (Nadu),Red,No,No
Kalutara,Wet Zone,Bg 359,2019,Yala,2618,3.5 Months,Long Grain (Nadu),White,No,No
Vavuniya,Dry Zone,At 362,2022,Maha,3326,3.5 Months,Long Grain (Nadu),Red,No,No
Ampara,Dry Zone,Bw 364,2018,Maha,353,3.5 Months,Long Grain (Nadu),Red,No,Yes
Mullaitivu,Dry Zone,At 307,2020,Maha,9145,3 Months,Long Grain (Nadu),White,No,No
Ratnapura,Wet Zone,Bg 310,2019,Maha,10096,3 Months,Long Grain (Nadu),White,Yes,No
Hambantota,Dry Zone,Bw 372,2020,Maha,2872,3.5 Months,Long Grain (Nadu),Red,No,Yes
Kurunegala,Intermediate Zone,Bw 400,2024,Annual,88,4-4.5 Months,Long Grain (Nadu),Red,Yes,Yes
Vavuniya,Dry Zone,Attakkari,2022,Maha,6357,4-4.5 Months,Long Grain (Nadu),Red,No,No
Vavuniya,Dry Zone,Bw 372,2023,Maha,2889,3.5 Months,Long Grain (Nadu),Red,No,Yes
Galle,Wet Zone,Bw 364,2018,Yala,393,3.5 Months,Long Grain (Nadu),Red,No,Yes
Mannar,Dry Zone,Bg 360,2018,Yala,10625,3.5 Months,Short Grain (Samba),White,No,No
Kandy,Intermediate Zone,Bw 364,2019,Maha,317,3.5 Months,Long Grain (Nadu),Red,No,Yes
Hambantota,Dry Zone,Bg 360,2018,Maha,5095,3.5 Months,Short Grain (Samba),White,No,No
Ratnapura,Wet Zone,Attakkari,2018,Yala,7396,4-4.5 Months,Long Grain (Nadu),Red,No,No
Kurunegala,Intermediate Zone,Bg 359,2024,Yala,2737,3.5 Months,Long Grain (Nadu),White,No,No
Gampaha,Wet Zone,Bg 374,2019,Annual,5065,3.5 Months,Long Grain (Nadu),White,No,No
Kalutara,Wet Zone,Bw 372,2022,Maha,2926,3.5 Months,Long Grain (Nadu),Red,No,Yes
Monaragala,Intermediate Zone,Bg 357,2018,Maha,12824,3.5 Months,Long Grain (Nadu),White,No,No
Trincomalee,Dry Zone,At 353,2023,Annual,985,3.5 Months,Long Grain (Nadu),Red,Yes,No
Anuradhapura,Dry Zone,At 354,2021,Yala,381,3.5 Months,Long Grain (Nadu),White,Yes,No
Galle,Wet Zone,Bg 310,2021,Yala,2336,3 Months,Long Grain (Nadu),White,Yes,No
Kalutara,Wet Zone,At 354,2024,Maha,381,3.5 Months,Long Grain (Nadu),White,Yes,No
Kurunegala,Intermediate Zone,Bw 367,2022,Yala,6623,3.5 Months,Short Grain (Samba),White,No,Yes
Kandy,Intermediate Zone,At 362,2022,Maha,44420,3.5 Months,Long Grain (Nadu),Red,No,No
Hambantota,Dry Zone,At 307,2021,Annual,6624,3 Months,Long Grain (Nadu),White,No,No
Vavuniya,Dry Zone,Bw 400,2018,Yala,97,4-4.5 Months,Long Grain (Nadu),Red,Yes,Yes
Kalutara,Wet Zone,At 307,2022,Yala,10238,3 Months,Long Grain (Nadu),White,No,No
Kegalle,Wet Zone,At 303,2020,Annual,1626,3 Months,Long Grain (Nadu),Red,No,No
Mannar,Dry Zone,Bg 379-2,2018,Maha,1777,4-4.5 Months,Long Grain (Nadu),White,No,No
Matara,Wet Zone,Bg 250,2024,Annual,7439,2.5 Months,Long Grain (Nadu),White,No,No
Hambantota,Dry Zone,Ld 368,2024,Yala,2018,3.5 Months,Short Grain (Samba),Red,No,No
Polonnaruwa,Dry Zone,At 362,2023,Maha,37347,3.5 Months,Long Grain (Nadu),Red,No,No
Monaragala,Intermediate Zone,Bg 310,2019,Yala,4670,3 Months,Long Grain (Nadu),White,Yes,No
Trincomalee,Dry Zone,Bg 94-1,2021,Annual,20454,3.5 Months,Long Grain (Nadu),White,No,No
Vavuniya,Dry Zone,Bg 94-1,2018,Maha,18069,3.5 Months,Long Grain (Nadu),White,No,No
Polonnaruwa,Dry Zone,At 307,2023,Yala,10583,3 Months,Long Grain (Nadu),White,No,No
Mannar,Dry Zone,At 353,2024,Annual,280,3.5 Months,Long Grain (Nadu),Red,Yes,No
Mullaitivu,Dry Zone,At 307,2022,Yala,6635,3 Months,Long Grain (Nadu),White,No,No
Anuradhapura,Dry Zone,Bw 312,2024,Yala,797,3 Months,Long Grain (Nadu),Red,No,Yes
Kegalle,Wet Zone,Bw 372,2022,Yala,2536,3.5 Months,Long Grain (Nadu),Red,No,Yes
Anuradhapura,Dry Zone,At 303,2024,Maha,1906,3 Months,Long Grain (Nadu),Red,No,No
Trincomalee,Dry Zone,Bg 369,2020,Maha,792,3.5 Months,Long Grain (Nadu),White,Yes,No
Trincomalee,Dry Zone,Bg 357,2019,Yala,10964,3.5 Months,Long Grain (Nadu),White,No,No
Badulla,Intermediate Zone,Bg 359,2018,Annual,2606,3.5 Months,Long Grain (Nadu),White,No,No
Anuradhapura,Dry Zone,Bw 372,2019,Yala,2613,3.5 Months,Long Grain (Nadu),Red,No,Yes
Ampara,Dry Zone,At 354,2023,Maha,261,3.5 Months,Long Grain (Nadu),White,Yes,No
Anuradhapura,Dry Zone,At 354,2021,Maha,375,3.5 Months,Long Grain (Nadu),White,Yes,No
Vavuniya,Dry Zone,Ld 368,2024,Yala,3061,3.5 Months,Short Grain (Samba),Red,No,No
Ratnapura,Wet Zone,Bg 359,2019,Maha,2903,3.5 Months,Long Grain (Nadu),White,No,No
Ampara,Dry Zone,Bg 369,2019,Maha,453,3.5 Months,Long Grain (Nadu),White,Yes,No
Mannar,Dry Zone,Bg 300,2021,Maha,18860,3 Months,Long Grain (Nadu),White,No,No
Puttalam,Dry Zone,Attakkari,2019,Maha,7424,4-4.5 Months,Long Grain (Nadu),Red,No,No
Killinochchi,Dry Zone,Bg 357,2018,Maha,11032,3.5 Months,Long Grain (Nadu),White,No,No
Trincomalee,Dry Zone,Bg 300,2023,Maha,14156,3 Months,Long Grain (Nadu),White,No,No
Gampaha,Wet Zone,Bg 374,2020,Yala,1599,3.5 Months,Long Grain (Nadu),White,No,No
Polonnaruwa,Dry Zone,Bg 374,2023,Maha,1916,3.5 Months,Long Grain (Nadu),White,No,No
Killinochchi,Dry Zone,Bw 400,2018,Maha,57,4-4.5 Months,Long Grain (Nadu),Red,Yes,Yes
Mullaitivu,Dry Zone,Bw 364,2020,Maha,301,3.5 Months,Long Grain (Nadu),Red,No,Yes
Matale,Intermediate Zone,At 354,2022,Maha,306,3.5 Months,Long Grain (Nadu),White,Yes,No
Kalutara,Wet Zone,Bg 359,2019,Yala,2330,3.5 Months,Long Grain (Nadu),White,No,No
Badulla,Intermediate Zone,Bg 250,2018,Maha,6790,2.5 Months,Long Grain (Nadu),White,No,No
Gampaha,Wet Zone,Ld 368,2022,Yala,3310,3.5 Months,Short Grain (Samba),Red,No,No
Monaragala,Intermediate Zone,Bw 372,2020,Yala,2709,3.5 Months,Long Grain (Nadu),Red,No,Yes
Kegalle,Wet Zone,Bg 359,2019,Maha,2531,3.5 Months,Long Grain (Nadu),White,No,No
Ampara,Dry Zone,At 307,2019,Yala,5767,3 Months,Long Grain (Nadu),White,No,No
Kurunegala,Intermediate Zone,Bw 367,2024,Maha,9995,3.5 Months,Short Grain (Samba),White,No,Yes
Galle,Wet Zone,Bw 312,2019,Yala,698,3 Months,Long Grain (Nadu),Red,No,Yes
Trincomalee,Dry Zone,Bg 357,2024,Yala,10845,3.5 Months,Long Grain (Nadu),White,No,No
Kalutara,Wet Zone,Bw 372,2022,Maha,3179,3.5 Months,Long Grain (Nadu),Red,No,Yes
Hambantota,Dry Zone,Bg 94-1,2022,Maha,17604,3.5 Months,Long Grain (Nadu),White,No,No
Kegalle,Wet Zone,Bg 300,2024,Maha,18118,3 Months,Long Grain (Nadu),White,No,No
Mannar,Dry Zone,Bg 357,2018,Yala,13598,3.5 Months,Long Grain (Nadu),White,No,No
Ampara,Dry Zone,Bw 400,2020,Annual,68,4-4.5 Months,Long Grain (Nadu),Red,Yes,Yes
Anuradhapura,Dry Zone,At 303,2023,Yala,1682,3 Months,Long Grain (Nadu),Red,No,No
Polonnaruwa,Dry Zone,Bg 310,2023,Yala,5561,3 Months,Long Grain (Nadu),White,Yes,No
Badulla,Intermediate Zone,Attakkari,2020,Maha,6615,4-4.5 Months,Long Grain (Nadu),Red,No,No
Killinochchi,Dry Zone,Bw 400,2024,Maha,66,4-4.5 Months,Long Grain (Nadu),Red,Yes,Yes
Gampaha,Wet Zone,Bg 310,2024,Maha,5126,3 Months,Long Grain (Nadu),White,Yes,No
Batticaloa,Dry Zone,Bw 364,2023,Annual,333,3.5 Months,Long Grain (Nadu),Red,No,Yes
Monaragala,Intermediate Zone,Bw 364,2022,Maha,278,3.5 Months,Long Grain (Nadu),Red,No,Yes
Kegalle,Wet Zone,Bg 310,2020,Yala,12779,3 Months,Long Grain (Nadu),White,Yes,No
Kalutara,Wet Zone,Bg 250,2018,Maha,6010,2.5 Months,Long Grain (Nadu),White,No,No
Trincomalee,Dry Zone,Bg 374,2024,Maha,4102,3.5 Months,Long Grain (Nadu),White,No,No
Anuradhapura,Dry Zone,Bg 369,2019,Maha,593,3.5 Months,Long Grain (Nadu),White,Yes,No
Matale,Intermediate Zone,Bg 360,2019,Yala,9574,3.5 Months,Short Grain (Samba),White,No,No
Anuradhapura,Dry Zone,At 353,2018,Maha,1521,3.5 Months,Long Grain (Nadu),Red,Yes,No
Batticaloa,Dry Zone,Attakkari,2020,Yala,7394,4-4.5 Months,Long Grain (Nadu),Red,No,No
Kalutara,Wet Zone,Bw 312,2023,Annual,995,3 Months,Long Grain (Nadu),Red,No,Yes
Ampara,Dry Zone,Bg 360,2020,Yala,9058,3.5 Months,Short Grain (Samba),White,No,No
Kegalle,Wet Zone,At 362,2020,Maha,13492,3.5 Months,Long Grain (Nadu),Red,No,No
Hambantota,Dry Zone,At 303,2022,Maha,1832,3 Months,Long Grain (Nadu),Red,No,No
Killinochchi,Dry Zone,At 307,2019,Yala,9716,3 Months,Long Grain (Nadu),White,No,No
Kurunegala,Intermediate Zone,At 362,2023,Maha,37573,3.5 Months,Long Grain (Nadu),Red,No,No
Anuradhapura,Dry Zone,Attakkari,2024,Maha,6348,4-4.5 Months,Long Grain (Nadu),Red,No,No
Anuradhapura,Dry Zone,Bg 250,2024,Maha,5233,2.5 Months,Long Grain (Nadu),White,No,No
Monaragala,Intermediate Zone,Bw 364,2024,Yala,390,3.5 Months,Long Grain (Nadu),Red,No,Yes
Kurunegala,Intermediate Zone,Bw 364,2019,Yala,369,3.5 Months,Long Grain (Nadu),Red,No,Yes
Anuradhapura,Dry Zone,Bg 379-2,2023,Maha,1873,4-4.5 Months,Long Grain (Nadu),White,No,No
Batticaloa,Dry Zone,Bg 352,2022,Yala,36989,3.5 Months,Long Grain (Nadu),White,No,No
Killinochchi,Dry Zone,At 354,2019,Maha,375,3.5 Months,Long Grain (Nadu),White,Yes,No
Anuradhapura,Dry Zone,At 354,2023,Maha,275,3.5 Months,Long Grain (Nadu),White,Yes,No
Galle,Wet Zone,Bw 400,2021,Yala,83,4-4.5 Months,Long Grain (Nadu),Red,Yes,Yes
Trincomalee,Dry Zone,Bg 250,2021,Maha,7520,2.5 Months,Long Grain (Nadu),White,No,No
Mannar,Dry Zone,Bw 364,2021,Maha,287,3.5 Months,Long Grain (Nadu),Red,No,Yes
Trincomalee,Dry Zone,Bg 379-2,2020,Annual,1605,4-4.5 Months,Long Grain (Nadu),White,No,No
Batticaloa,Dry Zone,At 362,2024,Maha,55995,3.5 Months,Long Grain (Nadu),Red,No,No
Kalutara,Wet Zone,At 307,2023,Yala,5792,3 Months,Long Grain (Nadu),White,No,No
Monaragala,Intermediate Zone,Bg 374,2021,Yala,6496,3.5 Months,Long Grain (Nadu),White,No,No
Trincomalee,Dry Zone,Bw 400,2022,Maha,32,4-4.5 Months,Long Grain (Nadu),Red,Yes,Yes
Badulla,Intermediate Zone,At 354,2020,Maha,386,3.5 Months,Long Grain (Nadu),White,Yes,No
Kegalle,Wet Zone,Bg 374,2024,Yala,2262,3.5 Months,Long Grain (Nadu),White,No,No
Matara,Wet Zone,Bg 310,2023,Maha,6314,3 Months,Long Grain (Nadu),White,Yes,No
Kegalle,Wet Zone,Attakkari,2020,Maha,6598,4-4.5 Months,Long Grain (Nadu),Red,No,No
Badulla,Intermediate Zone,At 303,2018,Yala,1893,3 Months,Long Grain (Nadu),Red,No,No
Badulla,Intermediate Zone,Bw 367,2024,Maha,11362,3.5 Months,Short Grain (Samba),White,No,Yes
Batticaloa,Dry Zone,Bg 300,2024,Yala,29893,3 Months,Long Grain (Nadu),White,No,No
Vavuniya,Dry Zone,Bg 374,2020,Maha,1673,3.5 Months,Long Grain (Nadu),White,No,No
Kurunegala,Intermediate Zone,Bg 379-2,2023,Yala,1586,4-4.5 Months,Long Grain (Nadu),White,No,No
Gampaha,Wet Zone,At 354,2019,Yala,332,3.5 Months,Long Grain (Nadu),White,Yes,No
Kurunegala,Intermediate Zone,Bw 372,2021,Maha,3057,3.5 Months,Long Grain (Nadu),Red,No,Yes
Kegalle,Wet Zone,At 362,2018,Yala,19666,3.5 Months,Long Grain (Nadu),Red,No,No
Mannar,Dry Zone,Bw 400,2020,Yala,57,4-4.5 Months,Long Grain (Nadu),Red,Yes,Yes
Vavuniya,Dry Zone,At 307,2022,Maha,7953,3 Months,Long Grain (Nadu),White,No,No
Mullaitivu,Dry Zone,Bg 352,2023,Maha,27688,3.5 Months,Long Grain (Nadu),White,No,No
Kegalle,Wet Zone,Bw 372,2019,Maha,3265,3.5 Months,Long Grain (Nadu),Red,No,Yes
Killinochchi,Dry Zone,Bg 352,2022,Yala,37389,3.5 Months,Long Grain (Nadu),White,No,No
Matale,Intermediate Zone,Bg 357,2020,Maha,11634,3.5 Months,Long Grain (Nadu),White,No,No
Mullaitivu,Dry Zone,Bg 366,2022,Maha,12379,3.5 Months,Long Grain (Nadu),White,No,No
Hambantota,Dry Zone,Bw 400,2024,Maha,21,4-4.5 Months,Long Grain (Nadu),Red,Yes,Yes
Kegalle,Wet Zone,Bg 250,2022,Yala,7284,2.5 Months,Long Grain (Nadu),White,No,No
Puttalam,Dry Zone,At 362,2019,Maha,58357,3.5 Months,Long Grain (Nadu),Red,No,No
Matara,Wet Zone,Bg 374,2021,Annual,1674,3.5 Months,Long Grain (Nadu),White,No,No
Matara,Wet Zone,Attakkari,2019,Yala,6128,4-4.5 Months,Long Grain (Nadu),Red,No,No
Ratnapura,Wet Zone,Bw 364,2022,Maha,346,3.5 Months,Long Grain (Nadu),Red,No,Yes
Mullaitivu,Dry Zone,Bg 300,2018,Maha,14659,3 Months,Long Grain (Nadu),White,No,No
Matale,Intermediate Zone,Bg 300,2020,Maha,11820,3 Months,Long Grain (Nadu),White,No,No
Trincomalee,Dry Zone,At 353,2023,Maha,957,3.5 Months,Long Grain (Nadu),Red,Yes,No
Ratnapura,Wet Zone,Bg 360,2020,Annual,9227,3.5 Months,Short Grain (Samba),White,No,No
Vavuniya,Dry Zone,Bg 357,2023,Maha,13578,3.5 Months,Long Grain (Nadu),White,No,No
Vavuniya,Dry Zone,Bw 312,2020,Maha,870,3 Months,Long Grain (Nadu),Red,No,Yes
Ampara,Dry Zone,At 307,2018,Yala,4975,3 Months,Long Grain (Nadu),White,No,No
Gampaha,Wet Zone,Bg 359,2021,Yala,2900,3.5 Months,Long Grain (Nadu),White,No,No
Ampara,Dry Zone,Attakkari,2022,Yala,7371,4-4.5 Months,Long Grain (Nadu),Red,No,No
Ratnapura,Wet Zone,Bg 357,2021,Maha,10268,3.5 Months,Long Grain (Nadu),White,No,No
Trincomalee,Dry Zone,Bg 369,2019,Maha,195,3.5 Months,Long Grain (Nadu),White,Yes,No
Kegalle,Wet Zone,At 303,2020,Annual,1936,3 Months,Long Grain (Nadu),Red,No,No
Monaragala,Intermediate Zone,Bg 300,2021,Maha,20529,3 Months,Long Grain (Nadu),White,No,No
Matale,Intermediate Zone,At 307,2018,Maha,6681,3 Months,Long Grain (Nadu),White,No,No
Matara,Wet Zone,Bg 300,2021,Annual,8598,3 Months,Long Grain (Nadu),White,No,No
Ratnapura,Wet Zone,Bg 310,2020,Yala,7228,3 Months,Long Grain (Nadu),White,Yes,No
Monaragala,Intermediate Zone,Bg 374,2021,Maha,2642,3.5 Months,Long Grain (Nadu),White,No,No
Hambantota,Dry Zone,At 354,2019,Yala,390,3.5 Months,Long Grain (Nadu),White,Yes,No
Kegalle,Wet Zone,At 353,2018,Yala,1386,3.5 Months,Long Grain (Nadu),Red,Yes,No
Mannar,Dry Zone,Bw 367,2021,Yala,6956,3.5 Months,Short Grain (Samba),White,No,Yes
Galle,Wet Zone,Bg 374,2019,Maha,3740,3.5 Months,Long Grain (Nadu),White,No,No
Badulla,Intermediate Zone,Bg 94-1,2018,Maha,20623,3.5 Months,Long Grain (Nadu),White,No,No
Monaragala,Intermediate Zone,Bg 357,2018,Yala,13276,3.5 Months,Long Grain (Nadu),White,No,No
Trincomalee,Dry Zone,Bg 360,2021,Annual,3539,3.5 Months,Short Grain (Samba),White,No,No
Kalutara,Wet Zone,Bw 364,2022,Yala,387,3.5 Months,Long Grain (Nadu),Red,No,Yes
Vavuniya,Dry Zone,Bg 357,2018,Maha,10740,3.5 Months,Long Grain (Nadu),White,No,No
Polonnaruwa,Dry Zone,Bw 400,2020,Maha,84,4-4.5 Months,Long Grain (Nadu),Red,Yes,Yes
Trincomalee,Dry Zone,At 354,2023,Annual,380,3.5 Months,Long Grain (Nadu),White,Yes,No
Kalutara,Wet Zone,Bg 250,2020,Annual,8304,2.5 Months,Long Grain (Nadu),White,No,No
Puttalam,Dry Zone,Bg 357,2024,Annual,12223,3.5 Months,Long Grain (Nadu),White,No,No
Kegalle,Wet Zone,Bg 366,2023,Yala,15427,3.5 Months,Long Grain (Nadu),White,No,No
Mannar,Dry Zone,Ld 368,2019,Maha,3149,3.5 Months,Short Grain (Samba),Red,No,No
Kandy,Intermediate Zone,Bg 366,2020,Yala,17091,3.5 Months,Long Grain (Nadu),White,No,No
Vavuniya,Dry Zone,Bg 359,2024,Yala,2560,3.5 Months,Long Grain (Nadu),White,No,No
Galle,Wet Zone,Bg 300,2020,Maha,14585,3 Months,Long Grain (Nadu),White,No,No
Kalutara,Wet Zone,Bg 366,2024,Maha,12152,3.5 Months,Long Grain (Nadu),White,No,No
Kegalle,Wet Zone,At 307,2019,Maha,6987,3 Months,Long Grain (Nadu),White,No,No
Kalutara,Wet Zone,Bg 300,2024,Maha,39628,3 Months,Long Grain (Nadu),White,No,No
Galle,Wet Zone,At 307,2019,Annual,9591,3 Months,Long Grain (Nadu),White,No,No
Kurunegala,Intermediate Zone,Bg 359,2021,Yala,2088,3.5 Months,Long Grain (Nadu),White,No,No
Ratnapura,Wet Zone,Bg 360,2018,Maha,5537,3.5 Months,Short Grain (Samba),White,No,No
Matale,Intermediate Zone,Bg 366,2021,Maha,7059,3.5 Months,Long Grain (Nadu),White,No,No
Hambantota,Dry Zone,At 307,2023,Yala,9969,3 Months,Long Grain (Nadu),White,No,No
Mullaitivu,Dry Zone,At 353,2018,Yala,2283,3.5 Months,Long Grain (Nadu),Red,Yes,No
Puttalam,Dry Zone,Bg 94-1,2024,Yala,19991,3.5 Months,Long Grain (Nadu),White,No,No
Kalutara,Wet Zone,At 353,2022,Yala,1504,3.5 Months,Long Grain (Nadu),Red,Yes,No
Kurunegala,Intermediate Zone,Bw 400,2024,Annual,57,4-4.5 Months,Long Grain (Nadu),Red,Yes,Yes
Galle,Wet Zone,Bg 300,2018,Maha,4001,3 Months,Long Grain (Nadu),White,No,No
Monaragala,Intermediate Zone,Bg 379-2,2022,Maha,1764,4-4.5 Months,Long Grain (Nadu),White,No,No
Galle,Wet Zone,Bg 359,2019,Yala,2384,3.5 Months,Long Grain (Nadu),White,No,No
Badulla,Intermediate Zone,Bw 372,2019,Maha,2850,3.5 Months,Long Grain (Nadu),Red,No,Yes
Trincomalee,Dry Zone,At 354,2024,Yala,303,3.5 Months,Long Grain (Nadu),White,Yes,No
Kandy,Intermediate Zone,Bw 372,2022,Yala,3015,3.5 Months,Long Grain (Nadu),Red,No,Yes
Mullaitivu,Dry Zone,Bw 372,2020,Maha,2724,3.5 Months,Long Grain (Nadu),Red,No,Yes
Puttalam,Dry Zone,Bg 94-1,2021,Maha,5287,3.5 Months,Long Grain (Nadu),White,No,No
Badulla,Intermediate Zone,Bw 400,2020,Yala,58,4-4.5 Months,Long Grain (Nadu),Red,Yes,Yes
Hambantota,Dry Zone,Bg 300,2021,Yala,14168,3 Months,Long Grain (Nadu),White,No,No
Trincomalee,Dry Zone,Bg 374,2020,Yala,2366,3.5 Months,Long Grain (Nadu),White,No,No
Batticaloa,Dry Zone,At 362,2020,Maha,30264,3.5 Months,Long Grain (Nadu),Red,No,No
Batticaloa,Dry Zone,At 353,2021,Yala,2244,3.5 Months,Long Grain (Nadu),Red,Yes,No
Galle,Wet Zone,Bw 372,2019,Maha,2980,3.5 Months,Long Grain (Nadu),Red,No,Yes
Mannar,Dry Zone,Bw 367,2019,Maha,11373,3.5 Months,Short Grain (Samba),White,No,Yes
Anuradhapura,Dry Zone,Bg 369,2020,Maha,320,3.5 Months,Long Grain (Nadu),White,Yes,No
Polonnaruwa,Dry Zone,Bg 94-1,2022,Maha,20436,3.5 Months,Long Grain (Nadu),White,No,No
Matale,Intermediate Zone,Bg 310,2024,Maha,4027,3 Months,Long Grain (Nadu),White,Yes,No
Trincomalee,Dry Zone,Bg 374,2022,Maha,981,3.5 Months,Long Grain (Nadu),White,No,No
Matale,Intermediate Zone,Bg 357,2020,Yala,13634,3.5 Months,Long Grain (Nadu),White,No,No
Mullaitivu,Dry Zone,Bg 310,2019,Maha,9119,3 Months,Long Grain (Nadu),White,Yes,No
Kurunegala,Intermediate Zone,Bg 300,2022,Maha,39275,3 Months,Long Grain (Nadu),White,No,No
Vavuniya,Dry Zone,At 362,2024,Yala,2517,3.5 Months,Long Grain (Nadu),Red,No,No
Galle,Wet Zone,Bw 367,2023,Yala,1221,3.5 Months,Short Grain (Samba),White,No,Yes
Badulla,Intermediate Zone,Bg 300,2024,Yala,8410,3 Months,Long Grain (Nadu),White,No,No
Trincomalee,Dry Zone,At 354,2021,Yala,354,3.5 Months,Long Grain (Nadu),White,Yes,No
Killinochchi,Dry Zone,Bw 372,2021,Yala,3082,3.5 Months,Long Grain (Nadu),Red,No,Yes
Anuradhapura,Dry Zone,At 354,2019,Yala,370,3.5 Months,Long Grain (Nadu),White,Yes,No
Matara,Wet Zone,Bg 250,2022,Maha,7266,2.5 Months,Long Grain (Nadu),White,No,No
Kandy,Intermediate Zone,Bg 360,2024,Yala,9661,3.5 Months,Short Grain (Samba),White,No,No
Puttalam,Dry Zone,Bg 250,2020,Yala,5003,2.5 Months,Long Grain (Nadu),White,No,No
Ampara,Dry Zone,Bg 359,2019,Annual,2426,3.5 Months,Long Grain (Nadu),White,No,No
Galle,Wet Zone,Bg 94-1,2024,Maha,23648,3.5 Months,Long Grain (Nadu),White,No,No
Gampaha,Wet Zone,Bg 379-2,2019,Maha,1538,4-4.5 Months,Long Grain (Nadu),White,No,No
Gampaha,Wet Zone,Bw 367,2018,Annual,1375,3.5 Months,Short Grain (Samba),White,No,Yes
Ratnapura,Wet Zone,Bg 250,2022,Maha,6391,2.5 Months,Long Grain (Nadu),White,No,No
Trincomalee,Dry Zone,Bw 367,2020,Maha,11729,3.5 Months,Short Grain (Samba),White,No,Yes
Puttalam,Dry Zone,Bg 300,2022,Yala,34922,3 Months,Long Grain (Nadu),White,No,No
Kalutara,Wet Zone,Bw 312,2024,Maha,771,3 Months,Long Grain (Nadu),Red,No,Yes
Matara,Wet Zone,Bw 372,2022,Maha,3270,3.5 Months,Long Grain (Nadu),Red,No,Yes
Matara,Wet Zone,Bw 312,2021,Yala,898,3 Months,Long Grain (Nadu),Red,No,Yes
Kalutara,Wet Zone,At 303,2021,Annual,1592,3 Months,Long Grain (Nadu),Red,No,No
Puttalam,Dry Zone,Bg 359,2024,Yala,2685,3.5 Months,Long Grain (Nadu),White,No,No
Killinochchi,Dry Zone,Bg 94-1,2023,Yala,7020,3.5 Months,Long Grain (Nadu),White,No,No
Kegalle,Wet Zone,At 354,2022,Yala,359,3.5 Months,Long Grain (Nadu),White,Yes,No
Gampaha,Wet Zone,At 307,2018,Yala,4507,3 Months,Long Grain (Nadu),White,No,No
Mullaitivu,Dry Zone,Bg 359,2024,Maha,2291,3.5 Months,Long Grain (Nadu),White,No,No
Galle,Wet Zone,Bg 352,2021,Maha,6703,3.5 Months,Long Grain (Nadu),White,No,No
Kegalle,Wet Zone,Bw 364,2018,Yala,397,3.5 Months,Long Grain (Nadu),Red,No,Yes
Puttalam,Dry Zone,Ld 368,2023,Maha,2945,3.5 Months,Short Grain (Samba),Red,No,No
Matale,Intermediate Zone,At 362,2019,Yala,31509,3.5 Months,Long Grain (Nadu),Red,No,No
Anuradhapura,Dry Zone,Bg 94-1,2022,Yala,23612,3.5 Months,Long Grain (Nadu),White,No,No
Kegalle,Wet Zone,Bg 366,2019,Annual,6414,3.5 Months,Long Grain (Nadu),White,No,No
Mullaitivu,Dry Zone,Bg 250,2019,Yala,7346,2.5 Months,Long Grain (Nadu),White,No,No
Monaragala,Intermediate Zone,Bg 374,2022,Maha,995,3.5 Months,Long Grain (Nadu),White,No,No
Batticaloa,Dry Zone,Bg 94-1,2024,Maha,10470,3.5 Months,Long Grain (Nadu),White,No,No
Kalutara,Wet Zone,At 362,2019,Maha,46655,3.5 Months,Long Grain (Nadu),Red,No,No
Puttalam,Dry Zone,Bg 366,2020,Maha,12309,3.5 Months,Long Grain (Nadu),White,No,No
Kegalle,Wet Zone,Bw 367,2024,Maha,9779,3.5 Months,Short Grain (Samba),White,No,Yes
Gampaha,Wet Zone,Bw 312,2023,Maha,825,3 Months,Long Grain (Nadu),Red,No,Yes
Galle,Wet Zone,Bw 364,2019,Yala,320,3.5 Months,Long Grain (Nadu),Red,No,Yes
Galle,Wet Zone,At 362,2022,Maha,39546,3.5 Months,Long Grain (Nadu),Red,No,No
Mannar,Dry Zone,Bg 360,2019,Yala,8399,3.5 Months,Short Grain (Samba),White,No,No
Trincomalee,Dry Zone,Bw 400,2018,Maha,26,4-4.5 Months,Long Grain (Nadu),Red,Yes,Yes
Mannar,Dry Zone,Bw 367,2022,Yala,1367,3.5 Months,Short Grain (Samba),White,No,Yes
Anuradhapura,Dry Zone,Bg 366,2021,Yala,19333,3.5 Months,Long Grain (Nadu),White,No,No
Kandy,Intermediate Zone,At 353,2021,Maha,1937,3.5 Months,Long Grain (Nadu),Red,Yes,No
Mullaitivu,Dry Zone,Bw 372,2020,Maha,2938,3.5 Months,Long Grain (Nadu),Red,No,Yes
Ratnapura,Wet Zone,Bg 300,2021,Maha,36177,3 Months,Long Grain (Nadu),White,No,No
Batticaloa,Dry Zone,Bg 366,2019,Annual,7825,3.5 Months,Long Grain (Nadu),White,No,No
Kalutara,Wet Zone,Bw 367,2022,Maha,11031,3.5 Months,Short Grain (Samba),White,No,Yes
Anuradhapura,Dry Zone,Bw 367,2019,Maha,11908,3.5 Months,Short Grain (Samba),White,No,Yes
Matale,Intermediate Zone,Bg 360,2023,Annual,4857,3.5 Months,Short Grain (Samba),White,No,No
Trincomalee,Dry Zone,Bg 369,2022,Maha,187,3.5 Months,Long Grain (Nadu),White,Yes,No
Puttalam,Dry Zone,Bg 359,2024,Yala,2592,3.5 Months,Long Grain (Nadu),White,No,No
Batticaloa,Dry Zone,Bw 372,2020,Yala,2899,3.5 Months,Long Grain (Nadu),Red,No,Yes
Hambantota,Dry Zone,At 353,2022,Yala,1951,3.5 Months,Long Grain (Nadu),Red,Yes,No
Killinochchi,Dry Zone,At 307,2024,Maha,5652,3 Months,Long Grain (Nadu),White,No,No
Hambantota,Dry Zone,At 354,2023,Yala,289,3.5 Months,Long Grain (Nadu),White,Yes,No
Kalutara,Wet Zone,Bg 94-1,2018,Maha,17697,3.5 Months,Long Grain (Nadu),White,No,No
Kalutara,Wet Zone,Bg 352,2018,Yala,12207,3.5 Months,Long Grain (Nadu),White,No,No
Gampaha,Wet Zone,At 353,2024,Maha,1228,3.5 Months,Long Grain (Nadu),Red,Yes,No
Vavuniya,Dry Zone,Bw 400,2021,Maha,89,4-4.5 Months,Long Grain (Nadu),Red,Yes,Yes
Batticaloa,Dry Zone,Bg 360,2020,Yala,5523,3.5 Months,Short Grain (Samba),White,No,No
Ampara,Dry Zone,Bg 94-1,2024,Yala,4292,3.5 Months,Long Grain (Nadu),White,No,No
Anuradhapura,Dry Zone,Attakkari,2020,Maha,7400,4-4.5 Months,Long Grain (Nadu),Red,No,No
Trincomalee,Dry Zone,Bg 352,2018,Maha,34592,3.5 Months,Long Grain (Nadu),White,No,No
Kandy,Intermediate Zone,At 303,2019,Annual,1502,3 Months,Long Grain (Nadu),Red,No,No
Ampara,Dry Zone,Bw 312,2022,Maha,727,3 Months,Long Grain (Nadu),Red,No,Yes
Puttalam,Dry Zone,Bg 374,2019,Yala,4099,3.5 Months,Long Grain (Nadu),White,No,No
Galle,Wet Zone,Bg 379-2,2019,Yala,1804,4-4.5 Months,Long Grain (Nadu),White,No,No
Mullaitivu,Dry Zone,At 303,2018,Maha,1578,3 Months,Long Grain (Nadu),Red,No,No
Batticaloa,Dry Zone,At 353,2024,Yala,1756,3.5 Months,Long Grain (Nadu),Red,Yes,No
Gampaha,Wet Zone,Bg 357,2023,Maha,12471,3.5 Months,Long Grain (Nadu),White,No,No
Monaragala,Intermediate Zone,Bg 250,2018,Yala,8258,2.5 Months,Long Grain (Nadu),White,No,No
Matara,Wet Zone,Bg 310,2018,Maha,16054,3 Months,Long Grain (Nadu),White,Yes,No
Matara,Wet Zone,At 303,2022,Maha,1674,3 Months,Long Grain (Nadu),Red,No,No
Ampara,Dry Zone,Bw 312,2023,Yala,933,3 Months,Long Grain (Nadu),Red,No,Yes
Polonnaruwa,Dry Zone,At 307,2018,Yala,6020,3 Months,Long Grain (Nadu),White,No,No
Gampaha,Wet Zone,Bg 310,2019,Maha,6232,3 Months,Long Grain (Nadu),White,Yes,No
Batticaloa,Dry Zone,Bw 364,2023,Annual,381,3.5 Months,Long Grain (Nadu),Red,No,Yes
Mannar,Dry Zone,At 307,2020,Yala,6078,3 Months,Long Grain (Nadu),White,No,No
Kurunegala,Intermediate Zone,At 303,2024,Maha,1804,3 Months,Long Grain (Nadu),Red,No,No
Puttalam,Dry Zone,At 303,2020,Yala,1724,3 Months,Long Grain (Nadu),Red,No,No
Vavuniya,Dry Zone,Bw 372,2020,Yala,2573,3.5 Months,Long Grain (Nadu),Red,No,Yes
Hambantota,Dry Zone,At 362,2023,Maha,45282,3.5 Months,Long Grain (Nadu),Red,No,No
Badulla,Intermediate Zone,Bw 367,2022,Maha,7228,3.5 Months,Short Grain (Samba),White,No,Yes
Batticaloa,Dry Zone,At 303,2022,Yala,1690,3 Months,Long Grain (Nadu),Red,No,No
Ampara,Dry Zone,Ld 368,2022,Yala,2448,3.5 Months,Short Grain (Samba),Red,No,No
Gampaha,Wet Zone,Ld 368,2024,Maha,2979,3.5 Months,Short Grain (Samba),Red,No,No
Gampaha,Wet Zone,At 307,2022,Yala,4052,3 Months,Long Grain (Nadu),White,No,No
Puttalam,Dry Zone,At 303,2021,Annual,1827,3 Months,Long Grain (Nadu),Red,No,No
Mannar,Dry Zone,Bg 250,2021,Annual,6230,2.5 Months,Long Grain (Nadu),White,No,No
Ampara,Dry Zone,Bg 359,2022,Maha,2523,3.5 Months,Long Grain (Nadu),White,No,No
Matara,Wet Zone,Bg 250,2021,Maha,6089,2.5 Months,Long Grain (Nadu),White,No,No
Killinochchi,Dry Zone,Bw 312,2019,Yala,706,3 Months,Long Grain (Nadu),Red,No,Yes
Gampaha,Wet Zone,Bg 366,2024,Maha,16596,3.5 Months,Long Grain (Nadu),White,No,No
Kurunegala,Intermediate Zone,Bw 400,2018,Maha,40,4-4.5 Months,Long Grain (Nadu),Red,Yes,Yes
Killinochchi,Dry Zone,Bg 379-2,2021,Yala,1889,4-4.5 Months,Long Grain (Nadu),White,No,No
Kalutara,Wet Zone,Bw 400,2022,Maha,96,4-4.5 Months,Long Grain (Nadu),Red,Yes,Yes
Kegalle,Wet Zone,At 354,2022,Maha,245,3.5 Months,Long Grain (Nadu),White,Yes,No
Badulla,Intermediate Zone,Bg 250,2019,Yala,6262,2.5 Months,Long Grain (Nadu),White,No,No
Matale,Intermediate Zone,At 362,2018,Yala,46489,3.5 Months,Long Grain (Nadu),Red,No,No
Mullaitivu,Dry Zone,Bw 400,2020,Maha,73,4-4.5 Months,Long Grain (Nadu),Red,Yes,Yes
Mullaitivu,Dry Zone,Bw 364,2021,Yala,313,3.5 Months,Long Grain (Nadu),Red,No,Yes
Trincomalee,Dry Zone,Bg 250,2018,Maha,8019,2.5 Months,Long Grain (Nadu),White,No,No
Ratnapura,Wet Zone,Bw 372,2023,Yala,3141,3.5 Months,Long Grain (Nadu),Red,No,Yes
Kurunegala,Intermediate Zone,Bg 374,2019,Yala,4718,3.5 Months,Long Grain (Nadu),White,No,No
Ampara,Dry Zone,Bw 367,2024,Maha,5851,3.5 Months,Short Grain (Samba),White,No,Yes
Kegalle,Wet Zone,Bg 366,2018,Maha,19851,3.5 Months,Long Grain (Nadu),White,No,No
Matara,Wet Zone,Bw 364,2021,Maha,336,3.5 Months,Long Grain (Nadu),Red,No,Yes
Kurunegala,Intermediate Zone,At 307,2023,Yala,8517,3 Months,Long Grain (Nadu),White,No,No
Killinochchi,Dry Zone,Bw 367,2018,Yala,3719,3.5 Months,Short Grain (Samba),White,No,Yes
Badulla,Intermediate Zone,Bg 366,2021,Maha,17141,3.5 Months,Long Grain (Nadu),White,No,No
Trincomalee,Dry Zone,Bg 360,2020,Maha,5533,3.5 Months,Short Grain (Samba),White,No,No
Monaragala,Intermediate Zone,Bw 312,2020,Maha,662,3 Months,Long Grain (Nadu),Red,No,Yes
Hambantota,Dry Zone,At 354,2023,Yala,275,3.5 Months,Long Grain (Nadu),White,Yes,No
Batticaloa,Dry Zone,Bw 372,2020,Maha,2965,3.5 Months,Long Grain (Nadu),Red,No,Yes
Monaragala,Intermediate Zone,At 354,2021,Yala,392,3.5 Months,Long Grain (Nadu),White,Yes,No
Puttalam,Dry Zone,Attakkari,2019,Yala,6675,4-4.5 Months,Long Grain (Nadu),Red,No,No
Polonnaruwa,Dry Zone,Bg 360,2018,Yala,10859,3.5 Months,Short Grain (Samba),White,No,No
Hambantota,Dry Zone,Ld 368,2023,Yala,2278,3.5 Months,Short Grain (Samba),Red,No,No
Monaragala,Intermediate Zone,At 354,2022,Maha,353,3.5 Months,Long Grain (Nadu),White,Yes,No
Anuradhapura,Dry Zone,At 303,2021,Maha,1544,3 Months,Long Grain (Nadu),Red,No,No
Kurunegala,Intermediate Zone,Bg 352,2022,Maha,38627,3.5 Months,Long Grain (Nadu),White,No,No
Ampara,Dry Zone,Bg 359,2021,Yala,2263,3.5 Months,Long Grain (Nadu),White,No,No
Ampara,Dry Zone,Bg 94-1,2022,Yala,8976,3.5 Months,Long Grain (Nadu),White,No,No
Anuradhapura,Dry Zone,Bg 374,2020,Yala,3572,3.5 Months,Long Grain (Nadu),White,No,No
Killinochchi,Dry Zone,Bw 312,2024,Yala,893,3 Months,Long Grain (Nadu),Red,No,Yes
Puttalam,Dry Zone,At 354,2021,Maha,241,3.5 Months,Long Grain (Nadu),White,Yes,No
Puttalam,Dry Zone,Bw 372,2019,Maha,3127,3.5 Months,Long Grain (Nadu),Red,No,Yes
Matale,Intermediate Zone,Bg 359,2023,Yala,2211,3.5 Months,Long Grain (Nadu),White,No,No
Matara,Wet Zone,Bg 94-1,2024,Maha,7338,3.5 Months,Long Grain (Nadu),White,No,No
Ampara,Dry Zone,Bw 367,2019,Annual,7876,3.5 Months,Short Grain (Samba),White,No,Yes
Matale,Intermediate Zone,Bg 300,2018,Maha,13578,3 Months,Long Grain (Nadu),White,No,No
Matara,Wet Zone,Bg 352,2023,Maha,40661,3.5 Months,Long Grain (Nadu),White,No,No
Kandy,Intermediate Zone,Bw 367,2020,Yala,2756,3.5 Months,Short Grain (Samba),White,No,Yes
Ratnapura,Wet Zone,Bg 300,2022,Yala,6703,3 Months,Long Grain (Nadu),White,No,No
Killinochchi,Dry Zone,At 307,2021,Maha,4854,3 Months,Long Grain (Nadu),White,No,No
Galle,Wet Zone,Bg 359,2021,Maha,2105,3.5 Months,Long Grain (Nadu),White,No,No
Batticaloa,Dry Zone,Bg 374,2023,Maha,3061,3.5 Months,Long Grain (Nadu),White,No,No
Mannar,Dry Zone,At 353,2020,Yala,592,3.5 Months,Long Grain (Nadu),Red,Yes,No
Gampaha,Wet Zone,Bw 312,2022,Maha,648,3 Months,Long Grain (Nadu),Red,No,Yes
Mannar,Dry Zone,Bg 94-1,2020,Yala,22567,3.5 Months,Long Grain (Nadu),White,No,No
Matara,Wet Zone,Bw 364,2024,Maha,259,3.5 Months,Long Grain (Nadu),Red,No,Yes
Killinochchi,Dry Zone,Bg 310,2024,Yala,4722,3 Months,Long Grain (Nadu),White,Yes,No
Kandy,Intermediate Zone,Bg 379-2,2021,Maha,1655,4-4.5 Months,Long Grain (Nadu),White,No,No
Trincomalee,Dry Zone,Bg 379-2,2024,Maha,1516,4-4.5 Months,Long Grain (Nadu),White,No,No
Kurunegala,Intermediate Zone,At 354,2023,Yala,277,3.5 Months,Long Grain (Nadu),White,Yes,No
Trincomalee,Dry Zone,Attakkari,2019,Yala,6627,4-4.5 Months,Long Grain (Nadu),Red,No,No
Batticaloa,Dry Zone,Bg 250,2022,Maha,5479,2.5 Months,Long Grain (Nadu),White,No,No
Kurunegala,Intermediate Zone,At 353,2018,Yala,2099,3.5 Months,Long Grain (Nadu),Red,Yes,No
Galle,Wet Zone,At 303,2022,Maha,1979,3 Months,Long Grain (Nadu),Red,No,No
Killinochchi,Dry Zone,Bw 372,2020,Yala,3146,3.5 Months,Long Grain (Nadu),Red,No,Yes
Ratnapura,Wet Zone,Bg 379-2,2024,Yala,1476,4-4.5 Months,Long Grain (Nadu),White,No,No
Ampara,Dry Zone,Bg 379-2,2021,Maha,1886,4-4.5 Months,Long Grain (Nadu),White,No,No
Kandy,Intermediate Zone,Bg 369,2019,Maha,902,3.5 Months,Long Grain (Nadu),White,Yes,No
Badulla,Intermediate Zone,Bw 372,2018,Annual,3308,3.5 Months,Long Grain (Nadu),Red,No,Yes
Polonnaruwa,Dry Zone,Bg 352,2019,Annual,15881,3.5 Months,Long Grain (Nadu),White,No,No
Monaragala,Intermediate Zone,At 303,2021,Maha,1829,3 Months,Long Grain (Nadu),Red,No,No
Kegalle,Wet Zone,At 362,2018,Maha,5799,3.5 Months,Long Grain (Nadu),Red,No,No
Galle,Wet Zone,Bw 364,2022,Maha,326,3.5 Months,Long Grain (Nadu),Red,No,Yes
Trincomalee,Dry Zone,At 362,2022,Yala,44533,3.5 Months,Long Grain (Nadu),Red,No,No
Anuradhapura,Dry Zone,At 307,2020,Yala,4084,3 Months,Long Grain (Nadu),White,No,No
Trincomalee,Dry Zone,Bg 379-2,2022,Yala,1677,4-4.5 Months,Long Grain (Nadu),White,No,No
Killinochchi,Dry Zone,Bg 374,2021,Maha,4900,3.5 Months,Long Grain (Nadu),White,No,No
Mannar,Dry Zone,Bg 374,2019,Yala,4893,3.5 Months,Long Grain (Nadu),White,No,No
Monaragala,Intermediate Zone,Bg 357,2023,Yala,12058,3.5 Months,Long Grain (Nadu),White,No,No
Vavuniya,Dry Zone,At 362,2018,Annual,40038,3.5 Months,Long Grain (Nadu),Red,No,No
Hambantota,Dry Zone,Bw 372,2021,Maha,3274,3.5 Months,Long Grain (Nadu),Red,No,Yes
Badulla,Intermediate Zone,Attakkari,2023,Maha,6483,4-4.5 Months,Long Grain (Nadu),Red,No,No
Killinochchi,Dry Zone,Bg 360,2020,Annual,8014,3.5 Months,Short Grain (Samba),White,No,No
Ratnapura,Wet Zone,Ld 368,2021,Yala,1496,3.5 Months,Short Grain (Samba),Red,No,No
Vavuniya,Dry Zone,At 362,2019,Yala,23213,3.5 Months,Long Grain (Nadu),Red,No,No
Matara,Wet Zone,Bw 312,2023,Yala,964,3 Months,Long Grain (Nadu),Red,No,Yes
Kalutara,Wet Zone,Bw 364,2023,Yala,398,3.5 Months,Long Grain (Nadu),Red,No,Yes
Kurunegala,Intermediate Zone,Bw 372,2021,Annual,2752,3.5 Months,Long Grain (Nadu),Red,No,Yes
Galle,Wet Zone,At 303,2023,Maha,1864,3 Months,Long Grain (Nadu),Red,No,No
Kurunegala,Intermediate Zone,Attakkari,2021,Yala,6480,4-4.5 Months,Long Grain (Nadu),Red,No,No
Kegalle,Wet Zone,Bg 374,2018,Annual,1067,3.5 Months,Long Grain (Nadu),White,No,No
Mullaitivu,Dry Zone,Bg 300,2022,Maha,5037,3 Months,Long Grain (Nadu),White,No,No
Mullaitivu,Dry Zone,Bg 250,2020,Yala,6198,2.5 Months,Long Grain (Nadu),White,No,No
Kegalle,Wet Zone,Bg 374,2022,Maha,3951,3.5 Months,Long Grain (Nadu),White,No,No
Kegalle,Wet Zone,Bw 364,2024,Maha,380,3.5 Months,Long Grain (Nadu),Red,No,Yes
Puttalam,Dry Zone,At 353,2024,Yala,1430,3.5 Months,Long Grain (Nadu),Red,Yes,No
Monaragala,Intermediate Zone,Bg 352,2021,Maha,47647,3.5 Months,Long Grain (Nadu),White,No,No
Monaragala,Intermediate Zone,Bw 367,2019,Maha,4731,3.5 Months,Short Grain (Samba),White,No,Yes
Ratnapura,Wet Zone,Bg 359,2024,Maha,2687,3.5 Months,Long Grain (Nadu),White,No,No
Polonnaruwa,Dry Zone,At 307,2018,Maha,4036,3 Months,Long Grain (Nadu),White,No,No
Kegalle,Wet Zone,Bg 360,2018,Yala,9121,3.5 Months,Short Grain (Samba),White,No,No
Ratnapura,Wet Zone,Bg 379-2,2020,Maha,1905,4-4.5 Months,Long Grain (Nadu),White,No,No
Batticaloa,Dry Zone,Bw 400,2020,Annual,49,4-4.5 Months,Long Grain (Nadu),Red,Yes,Yes
Killinochchi,Dry Zone,Bg 379-2,2019,Maha,1755,4-4.5 Months,Long Grain (Nadu),White,No,No
Trincomalee,Dry Zone,Bg 369,2022,Yala,260,3.5 Months,Long Grain (Nadu),White,Yes,No
Matale,Intermediate Zone,Bg 369,2023,Yala,814,3.5 Months,Long Grain (Nadu),White,Yes,No
Kandy,Intermediate Zone,Bw 372,2024,Maha,3010,3.5 Months,Long Grain (Nadu),Red,No,Yes
Hambantota,Dry Zone,Bw 400,2022,Maha,64,4-4.5 Months,Long Grain (Nadu),Red,Yes,Yes
Killinochchi,Dry Zone,Bw 400,2023,Maha,67,4-4.5 Months,Long Grain (Nadu),Red,Yes,Yes
Mannar,Dry Zone,Bw 364,2018,Maha,272,3.5 Months,Long Grain (Nadu),Red,No,Yes
Galle,Wet Zone,Bg 360,2023,Annual,5073,3.5 Months,Short Grain (Samba),White,No,No
Killinochchi,Dry Zone,Bw 364,2022,Yala,299,3.5 Months,Long Grain (Nadu),Red,No,Yes
Anuradhapura,Dry Zone,Bw 312,2024,Yala,799,3 Months,Long Grain (Nadu),Red,No,Yes
Puttalam,Dry Zone,Bg 374,2018,Annual,4783,3.5 Months,Long Grain (Nadu),White,No,No
Vavuniya,Dry Zone,Bg 369,2021,Maha,260,3.5 Months,Long Grain (Nadu),White,Yes,No
Puttalam,Dry Zone,Bg 369,2024,Maha,445,3.5 Months,Long Grain (Nadu),White,Yes,No
Badulla,Intermediate Zone,Ld 368,2022,Yala,2196,3.5 Months,Short Grain (Samba),Red,No,No
Mullaitivu,Dry Zone,Bw 367,2022,Maha,8029,3.5 Months,Short Grain (Samba),White,No,Yes
Kegalle,Wet Zone,At 307,2023,Maha,6091,3 Months,Long Grain (Nadu),White,No,No
Ratnapura,Wet Zone,Bw 364,2019,Maha,283,3.5 Months,Long Grain (Nadu),Red,No,Yes
Trincomalee,Dry Zone,At 353,2021,Maha,1188,3.5 Months,Long Grain (Nadu),Red,Yes,No
Trincomalee,Dry Zone,Bg 310,2023,Maha,1797,3 Months,Long Grain (Nadu),White,Yes,No
Kurunegala,Intermediate Zone,Bw 312,2020,Maha,864,3 Months,Long Grain (Nadu),Red,No,Yes
Batticaloa,Dry Zone,Bg 94-1,2023,Yala,6283,3.5 Months,Long Grain (Nadu),White,No,No
Kandy,Intermediate Zone,Bw 400,2018,Annual,25,4-4.5 Months,Long Grain (Nadu),Red,Yes,Yes
Kalutara,Wet Zone,Bg 357,2023,Yala,11102,3.5 Months,Long Grain (Nadu),White,No,No
Matara,Wet Zone,Bw 400,2019,Yala,80,4-4.5 Months,Long Grain (Nadu),Red,Yes,Yes
Matale,Intermediate Zone,At 307,2023,Yala,7412,3 Months,Long Grain (Nadu),White,No,No
Gampaha,Wet Zone,Bg 379-2,2019,Annual,1483,4-4.5 Months,Long Grain (Nadu),White,No,No
Killinochchi,Dry Zone,Bw 312,2018,Maha,543,3 Months,Long Grain (Nadu),Red,No,Yes
Puttalam,Dry Zone,Bw 312,2020,Annual,780,3 Months,Long Grain (Nadu),Red,No,Yes
Kurunegala,Intermediate Zone,At 303,2019,Maha,1893,3 Months,Long Grain (Nadu),Red,No,No
Matara,Wet Zone,At 353,2019,Annual,430,3.5 Months,Long Grain (Nadu),Red,Yes,No
Trincomalee,Dry Zone,Bw 400,2018,Maha,97,4-4.5 Months,Long Grain (Nadu),Red,Yes,Yes
Kalutara,Wet Zone,Bg 94-1,2018,Yala,8632,3.5 Months,Long Grain (Nadu),White,No,No
Matale,Intermediate Zone,Bg 366,2023,Maha,11897,3.5 Months,Long Grain (Nadu),White,No,No
Ampara,Dry Zone,Bg 374,2018,Maha,4202,3.5 Months,Long Grain (Nadu),White,No,No
Ampara,Dry Zone,Bg 369,2023,Maha,536,3.5 Months,Long Grain (Nadu),White,Yes,No
Ratnapura,Wet Zone,At 353,2019,Maha,602,3.5 Months,Long Grain (Nadu),Red,Yes,No
Matale,Intermediate Zone,Bg 300,2020,Maha,22499,3 Months,Long Grain (Nadu),White,No,No
Puttalam,Dry Zone,At 362,2023,Maha,28176,3.5 Months,Long Grain (Nadu),Red,No,No
Mannar,Dry Zone,Bw 372,2024,Maha,3044,3.5 Months,Long Grain (Nadu),Red,No,Yes
Killinochchi,Dry Zone,Bg 359,2021,Maha,2204,3.5 Months,Long Grain (Nadu),White,No,No
Ratnapura,Wet Zone,Bg 250,2023,Yala,5894,2.5 Months,Long Grain (Nadu),White,No,No
Badulla,Intermediate Zone,At 362,2019,Maha,33804,3.5 Months,Long Grain (Nadu),Red,No,No
Ampara,Dry Zone,Bw 400,2023,Yala,42,4-4.5 Months,Long Grain (Nadu),Red,Yes,Yes
Matale,Intermediate Zone,Bg 379-2,2020,Yala,1794,4-4.5 Months,Long Grain (Nadu),White,No,No
Mullaitivu,Dry Zone,Bg 374,2020,Maha,2012,3.5 Months,Long Grain (Nadu),White,No,No
Kalutara,Wet Zone,Bg 357,2021,Maha,12310,3.5 Months,Long Grain (Nadu),White,No,No
Ratnapura,Wet Zone,At 362,2024,Maha,13162,3.5 Months,Long Grain (Nadu),Red,No,No
Matara,Wet Zone,At 362,2019,Yala,41666,3.5 Months,Long Grain (Nadu),Red,No,No
Kalutara,Wet Zone,Bg 300,2024,Maha,15479,3 Months,Long Grain (Nadu),White,No,No
Mullaitivu,Dry Zone,Bg 374,2023,Yala,2052,3.5 Months,Long Grain (Nadu),White,No,No
Monaragala,Intermediate Zone,At 353,2021,Maha,837,3.5 Months,Long Grain (Nadu),Red,Yes,No
Batticaloa,Dry Zone,Bg 359,2023,Maha,2117,3.5 Months,Long Grain (Nadu),White,No,No
Gampaha,Wet Zone,Bg 359,2024,Annual,2417,3.5 Months,Long Grain (Nadu),White,No,No
Ratnapura,Wet Zone,At 303,2023,Maha,1582,3 Months,Long Grain (Nadu),Red,No,No
Batticaloa,Dry Zone,Attakkari,2020,Maha,6139,4-4.5 Months,Long Grain (Nadu),Red,No,No
Killinochchi,Dry Zone,Bg 379-2,2019,Yala,1627,4-4.5 Months,Long Grain (Nadu),White,No,No
Hambantota,Dry Zone,Bg 94-1,2021,Annual,5768,3.5 Months,Long Grain (Nadu),White,No,No
Kalutara,Wet Zone,Bg 374,2019,Maha,3647,3.5 Months,Long Grain (Nadu),White,No,No
Ratnapura,Wet Zone,Bw 400,2019,Maha,90,4-4.5 Months,Long Grain (Nadu),Red,Yes,Yes
Polonnaruwa,Dry Zone,At 303,2021,Maha,1550,3 Months,Long Grain (Nadu),Red,No,No
Ratnapura,Wet Zone,Bw 367,2021,Annual,9876,3.5 Months,Short Grain (Samba),White,No,Yes
Mullaitivu,Dry Zone,Bg 374,2018,Maha,4378,3.5 Months,Long Grain (Nadu),White,No,No
Vavuniya,Dry Zone,At 353,2021,Maha,2449,3.5 Months,Long Grain (Nadu),Red,Yes,No
Hambantota,Dry Zone,Bg 352,2021,Maha,9572,3.5 Months,Long Grain (Nadu),White,No,No
Hambantota,Dry Zone,At 362,2021,Maha,11526,3.5 Months,Long Grain (Nadu),Red,No,No
Kandy,Intermediate Zone,Bg 352,2024,Yala,32643,3.5 Months,Long Grain (Nadu),White,No,No
Killinochchi,Dry Zone,Bg 250,2023,Yala,5239,2.5 Months,Long Grain (Nadu),White,No,No
Ratnapura,Wet Zone,At 303,2023,Maha,1951,3 Months,Long Grain (Nadu),Red,No,No
Vavuniya,Dry Zone,Bg 366,2018,Maha,14304,3.5 Months,Long Grain (Nadu),White,No,No
Mullaitivu,Dry Zone,Bw 364,2018,Maha,250,3.5 Months,Long Grain (Nadu),Red,No,Yes
Ampara,Dry Zone,Bw 400,2023,Maha,89,4-4.5 Months,Long Grain (Nadu),Red,Yes,Yes
Monaragala,Intermediate Zone,Bw 367,2020,Annual,2328,3.5 Months,Short Grain (Samba),White,No,Yes
Kandy,Intermediate Zone,Bw 372,2018,Maha,2527,3.5 Months,Long Grain (Nadu),Red,No,Yes
Batticaloa,Dry Zone,Attakkari,2023,Maha,6438,4-4.5 Months,Long Grain (Nadu),Red,No,No
Mannar,Dry Zone,Bw 367,2019,Maha,11073,3.5 Months,Short Grain (Samba),White,No,Yes
Galle,Wet Zone,Bg 366,2023,Maha,8180,3.5 Months,Long Grain (Nadu),White,No,No
Mannar,Dry Zone,Bg 250,2021,Yala,7462,2.5 Months,Long Grain (Nadu),White,No,No
Killinochchi,Dry Zone,At 362,2018,Yala,2707,3.5 Months,Long Grain (Nadu),Red,No,No
Kandy,Intermediate Zone,Bg 359,2020,Yala,2226,3.5 Months,Long Grain (Nadu),White,No,No
Matara,Wet Zone,Bg 94-1,2021,Yala,24930,3.5 Months,Long Grain (Nadu),White,No,No
Ampara,Dry Zone,Bg 94-1,2022,Maha,25307,3.5 Months,Long Grain (Nadu),White,No,No
Polonnaruwa,Dry Zone,Bw 372,2023,Maha,2767,3.5 Months,Long Grain (Nadu),Red,No,Yes
Matara,Wet Zone,Bw 312,2022,Maha,531,3 Months,Long Grain (Nadu),Red,No,Yes
Kandy,Intermediate Zone,At 353,2020,Maha,1864,3.5 Months,Long Grain (Nadu),Red,Yes,No
Badulla,Intermediate Zone,Bg 94-1,2021,Maha,4617,3.5 Months,Long Grain (Nadu),White,No,No
Anuradhapura,Dry Zone,At 362,2022,Maha,6685,3.5 Months,Long Grain (Nadu),Red,No,No
Kegalle,Wet Zone,Bg 360,2023,Maha,8014,3.5 Months,Short Grain (Samba),White,No,No
Kandy,Intermediate Zone,At 354,2022,Maha,318,3.5 Months,Long Grain (Nadu),White,Yes,No
Mannar,Dry Zone,Bg 310,2024,Maha,2667,3 Months,Long Grain (Nadu),White,Yes,No
Kegalle,Wet Zone,Bg 360,2022,Annual,5470,3.5 Months,Short Grain (Samba),White,No,No
Ampara,Dry Zone,Attakkari,2018,Maha,6951,4-4.5 Months,Long Grain (Nadu),Red,No,No
Batticaloa,Dry Zone,At 354,2018,Yala,207,3.5 Months,Long Grain (Nadu),White,Yes,No
Batticaloa,Dry Zone,At 362,2020,Yala,57377,3.5 Months,Long Grain (Nadu),Red,No,No
Galle,Wet Zone,Bw 372,2020,Yala,3110,3.5 Months,Long Grain (Nadu),Red,No,Yes
Galle,Wet Zone,Bg 379-2,2018,Maha,1403,4-4.5 Months,Long Grain (Nadu),White,No,No
Matara,Wet Zone,Bw 372,2023,Maha,3343,3.5 Months,Long Grain (Nadu),Red,No,Yes
Anuradhapura,Dry Zone,Bg 366,2022,Maha,6714,3.5 Months,Long Grain (Nadu),White,No,No
Matale,Intermediate Zone,Bg 374,2023,Annual,3261,3.5 Months,Long Grain (Nadu),White,No,No
Trincomalee,Dry Zone,Bw 372,2018,Maha,3031,3.5 Months,Long Grain (Nadu),Red,No,Yes
Kurunegala,Intermediate Zone,Attakkari,2018,Yala,7013,4-4.5 Months,Long Grain (Nadu),Red,No,No
Matara,Wet Zone,Bw 364,2020,Yala,291,3.5 Months,Long Grain (Nadu),Red,No,Yes
Anuradhapura,Dry Zone,At 362,2021,Maha,52288,3.5 Months,Long Grain (Nadu),Red,No,No
Ratnapura,Wet Zone,At 307,2021,Maha,6077,3 Months,Long Grain (Nadu),White,No,No
Kurunegala,Intermediate Zone,At 353,2018,Maha,203,3.5 Months,Long Grain (Nadu),Red,Yes,No
Galle,Wet Zone,Bg 250,2024,Yala,8050,2.5 Months,Long Grain (Nadu),White,No,No
Mullaitivu,Dry Zone,Bg 300,2021,Yala,19065,3 Months,Long Grain (Nadu),White,No,No
Mullaitivu,Dry Zone,At 353,2020,Maha,1409,3.5 Months,Long Grain (Nadu),Red,Yes,No
Vavuniya,Dry Zone,Bg 352,2021,Yala,20255,3.5 Months,Long Grain (Nadu),White,No,No
Kurunegala,Intermediate Zone,Bg 300,2024,Maha,26388,3 Months,Long Grain (Nadu),White,No,No
Mannar,Dry Zone,Bg 374,2022,Yala,4743,3.5 Months,Long Grain (Nadu),White,No,No
Kegalle,Wet Zone,Bg 94-1,2018,Yala,7296,3.5 Months,Long Grain (Nadu),White,No,No
Batticaloa,Dry Zone,At 303,2019,Maha,1914,3 Months,Long Grain (Nadu),Red,No,No
Monaragala,Intermediate Zone,Bg 300,2018,Maha,22000,3 Months,Long Grain (Nadu),White,No,No
Gampaha,Wet Zone,Bg 352,2024,Maha,6880,3.5 Months,Long Grain (Nadu),White,No,No
Ratnapura,Wet Zone,Bw 372,2024,Yala,3229,3.5 Months,Long Grain (Nadu),Red,No,Yes
Batticaloa,Dry Zone,At 303,2023,Maha,1701,3 Months,Long Grain (Nadu),Red,No,No
Galle,Wet Zone,Attakkari,2018,Yala,7183,4-4.5 Months,Long Grain (Nadu),Red,No,No
Kalutara,Wet Zone,Bg 300,2020,Maha,23801,3 Months,Long Grain (Nadu),White,No,No
Badulla,Intermediate Zone,Attakkari,2020,Maha,6556,4-4.5 Months,Long Grain (Nadu),Red,No,No
Kegalle,Wet Zone,Bg 310,2021,Maha,6992,3 Months,Long Grain (Nadu),White,Yes,No
Trincomalee,Dry Zone,Bg 366,2021,Yala,15952,3.5 Months,Long Grain (Nadu),White,No,No
Puttalam,Dry Zone,Bg 379-2,2020,Yala,1787,4-4.5 Months,Long Grain (Nadu),White,No,No
Hambantota,Dry Zone,Bg 374,2024,Yala,3339,3.5 Months,Long Grain (Nadu),White,No,No
Vavuniya,Dry Zone,Bw 372,2023,Maha,3031,3.5 Months,Long Grain (Nadu),Red,No,Yes
Polonnaruwa,Dry Zone,Bg 379-2,2021,Maha,1463,4-4.5 Months,Long Grain (Nadu),White,No,No
Vavuniya,Dry Zone,At 307,2019,Maha,4192,3 Months,Long Grain (Nadu),White,No,No
Hambantota,Dry Zone,Bg 374,2022,Yala,1041,3.5 Months,Long Grain (Nadu),White,No,No
Kegalle,Wet Zone,Bg 374,2020,Yala,944,3.5 Months,Long Grain (Nadu),White,No,No
Puttalam,Dry Zone,At 303,2023,Yala,1917,3 Months,Long Grain (Nadu),Red,No,No
Trincomalee,Dry Zone,Bg 357,2021,Yala,13553,3.5 Months,Long Grain (Nadu),White,No,No
Killinochchi,Dry Zone,Bw 312,2021,Maha,544,3 Months,Long Grain (Nadu),Red,No,Yes
Puttalam,Dry Zone,Bg 379-2,2018,Yala,1604,4-4.5 Months,Long Grain (Nadu),White,No,No
Killinochchi,Dry Zone,At 353,2022,Maha,1368,3.5 Months,Long Grain (Nadu),Red,Yes,No
Galle,Wet Zone,At 354,2022,Maha,288,3.5 Months,Long Grain (Nadu),White,Yes,No
Matale,Intermediate Zone,Bg 300,2022,Yala,3719,3 Months,Long Grain (Nadu),White,No,No
Matara,Wet Zone,Bg 360,2022,Annual,7682,3.5 Months,Short Grain (Samba),White,No,No
Mannar,Dry Zone,Bg 352,2021,Maha,47987,3.5 Months,Long Grain (Nadu),White,No,No
Galle,Wet Zone,Bg 250,2019,Maha,6406,2.5 Months,Long Grain (Nadu),White,No,No
Vavuniya,Dry Zone,Bw 367,2021,Yala,4909,3.5 Months,Short Grain (Samba),White,No,Yes
Mannar,Dry Zone,At 353,2024,Yala,175,3.5 Months,Long Grain (Nadu),Red,Yes,No
Vavuniya,Dry Zone,At 353,2021,Annual,400,3.5 Months,Long Grain (Nadu),Red,Yes,No
Ratnapura,Wet Zone,Bg 300,2020,Yala,19150,3 Months,Long Grain (Nadu),White,No,No
Kegalle,Wet Zone,At 303,2023,Maha,1562,3 Months,Long Grain (Nadu),Red,No,No
Vavuniya,Dry Zone,Bw 400,2021,Maha,22,4-4.5 Months,Long Grain (Nadu),Red,Yes,Yes
Batticaloa,Dry Zone,Bw 372,2020,Maha,3480,3.5 Months,Long Grain (Nadu),Red,No,Yes
Kalutara,Wet Zone,Bg 379-2,2023,Maha,1625,4-4.5 Months,Long Grain (Nadu),White,No,No
Batticaloa,Dry Zone,Bg 374,2018,Maha,3535,3.5 Months,Long Grain (Nadu),White,No,No
Gampaha,Wet Zone,Bw 364,2019,Maha,384,3.5 Months,Long Grain (Nadu),Red,No,Yes
Mullaitivu,Dry Zone,Bw 364,2024,Maha,336,3.5 Months,Long Grain (Nadu),Red,No,Yes
Galle,Wet Zone,Bw 367,2024,Yala,11247,3.5 Months,Short Grain (Samba),White,No,Yes
Vavuniya,Dry Zone,Bw 372,2018,Yala,2740,3.5 Months,Long Grain (Nadu),Red,No,Yes
Batticaloa,Dry Zone,Bw 367,2020,Yala,12658,3.5 Months,Short Grain (Samba),White,No,Yes
Polonnaruwa,Dry Zone,Bw 312,2023,Maha,861,3 Months,Long Grain (Nadu),Red,No,Yes
Kegalle,Wet Zone,Bg 357,2019,Maha,12577,3.5 Months,Long Grain (Nadu),White,No,No
Kalutara,Wet Zone,Bg 300,2018,Yala,9612,3 Months,Long Grain (Nadu),White,No,No
Puttalam,Dry Zone,Bw 367,2020,Yala,12935,3.5 Months,Short Grain (Samba),White,No,Yes
Monaragala,Intermediate Zone,Bg 366,2023,Yala,15543,3.5 Months,Long Grain (Nadu),White,No,No
Trincomalee,Dry Zone,Bg 352,2024,Yala,37397,3.5 Months,Long Grain (Nadu),White,No,No
Trincomalee,Dry Zone,Bg 94-1,2024,Maha,20500,3.5 Months,Long Grain (Nadu),White,No,No
Monaragala,Intermediate Zone,Attakkari,2018,Maha,6420,4-4.5 Months,Long Grain (Nadu),Red,No,No
Killinochchi,Dry Zone,Bg 369,2020,Yala,199,3.5 Months,Long Grain (Nadu),White,Yes,No
Galle,Wet Zone,At 307,2019,Yala,4706,3 Months,Long Grain (Nadu),White,No,No
Batticaloa,Dry Zone,Ld 368,2019,Yala,2501,3.5 Months,Short Grain (Samba),Red,No,No
Matale,Intermediate Zone,Ld 368,2023,Yala,1560,3.5 Months,Short Grain (Samba),Red,No,No
Galle,Wet Zone,Bw 400,2024,Yala,89,4-4.5 Months,Long Grain (Nadu),Red,Yes,Yes
Hambantota,Dry Zone,At 362,2024,Annual,25090,3.5 Months,Long Grain (Nadu),Red,No,No
Kegalle,Wet Zone,Bg 366,2022,Maha,12332,3.5 Months,Long Grain (Nadu),White,No,No
Ratnapura,Wet Zone,At 307,2022,Yala,6912,3 Months,Long Grain (Nadu),White,No,No
Kegalle,Wet Zone,Bw 372,2024,Maha,2949,3.5 Months,Long Grain (Nadu),Red,No,Yes
Matale,Intermediate Zone,Bg 310,2023,Yala,11921,3 Months,Long Grain (Nadu),White,Yes,No
Matara,Wet Zone,Bw 312,2021,Yala,651,3 Months,Long Grain (Nadu),Red,No,Yes
Puttalam,Dry Zone,At 354,2023,Maha,228,3.5 Months,Long Grain (Nadu),White,Yes,No
Monaragala,Intermediate Zone,Bw 312,2021,Maha,642,3 Months,Long Grain (Nadu),Red,No,Yes
Mullaitivu,Dry Zone,Bw 400,2019,Maha,41,4-4.5 Months,Long Grain (Nadu),Red,Yes,Yes
Vavuniya,Dry Zone,Bg 250,2018,Yala,6788,2.5 Months,Long Grain (Nadu),White,No,No
Mullaitivu,Dry Zone,At 354,2023,Maha,316,3.5 Months,Long Grain (Nadu),White,Yes,No
Monaragala,Intermediate Zone,Bg 94-1,2023,Yala,21522,3.5 Months,Long Grain (Nadu),White,No,No
Gampaha,Wet Zone,Bg 352,2020,Yala,41236,3.5 Months,Long Grain (Nadu),White,No,No
Kalutara,Wet Zone,Bg 310,2021,Annual,16087,3 Months,Long Grain (Nadu),White,Yes,No
Mannar,Dry Zone,Bw 372,2023,Yala,3464,3.5 Months,Long Grain (Nadu),Red,No,Yes
Trincomalee,Dry Zone,Bw 372,2019,Yala,3064,3.5 Months,Long Grain (Nadu),Red,No,Yes
Matale,Intermediate Zone,Bg 250,2024,Yala,8064,2.5 Months,Long Grain (Nadu),White,No,No
Trincomalee,Dry Zone,Bg 352,2021,Yala,34072,3.5 Months,Long Grain (Nadu),White,No,No
Badulla,Intermediate Zone,At 303,2021,Maha,1822,3 Months,Long Grain (Nadu),Red,No,No
Matale,Intermediate Zone,Bw 372,2022,Maha,2885,3.5 Months,Long Grain (Nadu),Red,No,Yes
Badulla,Intermediate Zone,Bw 367,2024,Yala,8613,3.5 Months,Short Grain (Samba),White,No,Yes
Hambantota,Dry Zone,Bg 360,2018,Yala,9256,3.5 Months,Short Grain (Samba),White,No,No
Mullaitivu,Dry Zone,At 353,2022,Maha,1821,3.5 Months,Long Grain (Nadu),Red,Yes,No
Badulla,Intermediate Zone,Bg 94-1,2023,Maha,25003,3.5 Months,Long Grain (Nadu),White,No,No
Anuradhapura,Dry Zone,Bg 310,2022,Maha,1575,3 Months,Long Grain (Nadu),White,Yes,No
Badulla,Intermediate Zone,Bw 400,2024,Yala,78,4-4.5 Months,Long Grain (Nadu),Red,Yes,Yes
Batticaloa,Dry Zone,Bg 360,2021,Yala,8849,3.5 Months,Short Grain (Samba),White,No,No
Kegalle,Wet Zone,Bg 352,2021,Yala,6849,3.5 Months,Long Grain (Nadu),White,No,No
Galle,Wet Zone,Bw 372,2023,Maha,3043,3.5 Months,Long Grain (Nadu),Red,No,Yes
Puttalam,Dry Zone,At 303,2019,Yala,1689,3 Months,Long Grain (Nadu),Red,No,No
Ampara,Dry Zone,At 354,2018,Yala,282,3.5 Months,Long Grain (Nadu),White,Yes,No
Hambantota,Dry Zone,Bg 250,2023,Maha,7082,2.5 Months,Long Grain (Nadu),White,No,No
Gampaha,Wet Zone,Bg 310,2019,Maha,11840,3 Months,Long Grain (Nadu),White,Yes,No
Kandy,Intermediate Zone,Attakkari,2021,Yala,6329,4-4.5 Months,Long Grain (Nadu),Red,No,No
Kalutara,Wet Zone,At 354,2022,Yala,276,3.5 Months,Long Grain (Nadu),White,Yes,No
Badulla,Intermediate Zone,Bg 300,2022,Yala,2175,3 Months,Long Grain (Nadu),White,No,No
Ratnapura,Wet Zone,Bg 352,2024,Maha,19968,3.5 Months,Long Grain (Nadu),White,No,No
Kalutara,Wet Zone,Ld 368,2020,Maha,2606,3.5 Months,Short Grain (Samba),Red,No,No
Killinochchi,Dry Zone,Bg 250,2020,Yala,8144,2.5 Months,Long Grain (Nadu),White,No,No
Anuradhapura,Dry Zone,Attakkari,2018,Yala,6310,4-4.5 Months,Long Grain (Nadu),Red,No,No
Killinochchi,Dry Zone,At 362,2020,Maha,55430,3.5 Months,Long Grain (Nadu),Red,No,No
Ampara,Dry Zone,At 307,2024,Yala,8701,3 Months,Long Grain (Nadu),White,No,No
Killinochchi,Dry Zone,At 362,2018,Yala,32252,3.5 Months,Long Grain (Nadu),Red,No,No
Kandy,Intermediate Zone,Bw 312,2020,Annual,537,3 Months,Long Grain (Nadu),Red,No,Yes
Badulla,Intermediate Zone,Bw 372,2020,Maha,3119,3.5 Months,Long Grain (Nadu),Red,No,Yes
Matale,Intermediate Zone,At 307,2020,Yala,9677,3 Months,Long Grain (Nadu),White,No,No
Monaragala,Intermediate Zone,Bg 310,2024,Yala,11285,3 Months,Long Grain (Nadu),White,Yes,No
Anuradhapura,Dry Zone,Bw 372,2024,Annual,2790,3.5 Months,Long Grain (Nadu),Red,No,Yes
Puttalam,Dry Zone,Bg 94-1,2023,Yala,6682,3.5 Months,Long Grain (Nadu),White,No,No
Trincomalee,Dry Zone,Bg 379-2,2021,Yala,1426,4-4.5 Months,Long Grain (Nadu),White,No,No
Anuradhapura,Dry Zone,Bw 312,2023,Maha,620,3 Months,Long Grain (Nadu),Red,No,Yes
Ratnapura,Wet Zone,Bg 359,2022,Maha,2928,3.5 Months,Long Grain (Nadu),White,No,No
Mullaitivu,Dry Zone,Bg 359,2019,Yala,2458,3.5 Months,Long Grain (Nadu),White,No,No
Hambantota,Dry Zone,Bg 369,2022,Maha,907,3.5 Months,Long Grain (Nadu),White,Yes,No
Kalutara,Wet Zone,Bg 352,2018,Annual,39105,3.5 Months,Long Grain (Nadu),White,No,No
Gampaha,Wet Zone,Bg 360,2023,Yala,8274,3.5 Months,Short Grain (Samba),White,No,No
Polonnaruwa,Dry Zone,Bw 400,2020,Annual,65,4-4.5 Months,Long Grain (Nadu),Red,Yes,Yes
Gampaha,Wet Zone,At 353,2018,Annual,506,3.5 Months,Long Grain (Nadu),Red,Yes,No
Batticaloa,Dry Zone,At 354,2019,Annual,238,3.5 Months,Long Grain (Nadu),White,Yes,No
Mannar,Dry Zone,Bg 300,2018,Annual,21576,3 Months,Long Grain (Nadu),White,No,No
Ampara,Dry Zone,Bg 300,2024,Yala,34387,3 Months,Long Grain (Nadu),White,No,No
Killinochchi,Dry Zone,Bg 250,2023,Maha,7333,2.5 Months,Long Grain (Nadu),White,No,No
Kandy,Intermediate Zone,Bw 400,2019,Maha,59,4-4.5 Months,Long Grain (Nadu),Red,Yes,Yes
Badulla,Intermediate Zone,At 353,2019,Maha,992,3.5 Months,Long Grain (Nadu),Red,Yes,No
Matale,Intermediate Zone,Bg 374,2022,Yala,2794,3.5 Months,Long Grain (Nadu),White,No,No
Ampara,Dry Zone,Attakkari,2020,Yala,6368,4-4.5 Months,Long Grain (Nadu),Red,No,No
Hambantota,Dry Zone,Bg 360,2022,Yala,10260,3.5 Months,Short Grain (Samba),White,No,No
Kegalle,Wet Zone,Bw 400,2024,Annual,99,4-4.5 Months,Long Grain (Nadu),Red,Yes,Yes
Kurunegala,Intermediate Zone,Bw 372,2020,Yala,3254,3.5 Months,Long Grain (Nadu),Red,No,Yes
Hambantota,Dry Zone,Bw 367,2018,Maha,4306,3.5 Months,Short Grain (Samba),White,No,Yes
Vavuniya,Dry Zone,Bw 312,2022,Yala,782,3 Months,Long Grain (Nadu),Red,No,Yes
Mullaitivu,Dry Zone,Bg 310,2018,Yala,4065,3 Months,Long Grain (Nadu),White,Yes,No
Galle,Wet Zone,Bg 379-2,2021,Yala,1903,4-4.5 Months,Long Grain (Nadu),White,No,No
Badulla,Intermediate Zone,Bg 94-1,2022,Yala,7380,3.5 Months,Long Grain (Nadu),White,No,No
Ampara,Dry Zone,Bw 400,2022,Yala,54,4-4.5 Months,Long Grain (Nadu),Red,Yes,Yes
Gampaha,Wet Zone,Bw 400,2020,Maha,46,4-4.5 Months,Long Grain (Nadu),Red,Yes,Yes
Mannar,Dry Zone,Bw 364,2022,Yala,384,3.5 Months,Long Grain (Nadu),Red,No,Yes
Kurunegala,Intermediate Zone,At 362,2022,Maha,46480,3.5 Months,Long Grain (Nadu),Red,No,No
Matale,Intermediate Zone,Bg 379-2,2024,Maha,1522,4-4.5 Months,Long Grain (Nadu),White,No,No
Monaragala,Intermediate Zone,Bg 94-1,2020,Maha,3820,3.5 Months,Long Grain (Nadu),White,No,No
Matara,Wet Zone,Bg 310,2019,Annual,9110,3 Months,Long Grain (Nadu),White,Yes,No
Hambantota,Dry Zone,Bg 250,2020,Maha,6162,2.5 Months,Long Grain (Nadu),White,No,No
Ampara,Dry Zone,Bw 400,2019,Maha,61,4-4.5 Months,Long Grain (Nadu),Red,Yes,Yes
Vavuniya,Dry Zone,Attakkari,2022,Yala,6637,4-4.5 Months,Long Grain (Nadu),Red,No,No
Trincomalee,Dry Zone,At 303,2023,Maha,1795,3 Months,Long Grain (Nadu),Red,No,No
Kegalle,Wet Zone,Bg 369,2022,Maha,280,3.5 Months,Long Grain (Nadu),White,Yes,No
Kurunegala,Intermediate Zone,Bg 369,2022,Yala,307,3.5 Months,Long Grain (Nadu),White,Yes,No
Mannar,Dry Zone,At 354,2024,Yala,262,3.5 Months,Long Grain (Nadu),White,Yes,No
Mannar,Dry Zone,Bg 310,2024,Maha,13145,3 Months,Long Grain (Nadu),White,Yes,No
Mullaitivu,Dry Zone,At 353,2018,Yala,736,3.5 Months,Long Grain (Nadu),Red,Yes,No
Polonnaruwa,Dry Zone,Bg 250,2023,Maha,5771,2.5 Months,Long Grain (Nadu),White,No,No
Kegalle,Wet Zone,At 303,2023,Maha,1830,3 Months,Long Grain (Nadu),Red,No,No
Matale,Intermediate Zone,Bg 357,2020,Yala,12070,3.5 Months,Long Grain (Nadu),White,No,No
Vavuniya,Dry Zone,Bg 374,2019,Maha,3042,3.5 Months,Long Grain (Nadu),White,No,No
Polonnaruwa,Dry Zone,Bg 379-2,2024,Maha,1855,4-4.5 Months,Long Grain (Nadu),White,No,No
Batticaloa,Dry Zone,Bw 372,2018,Maha,2672,3.5 Months,Long Grain (Nadu),Red,No,Yes
Vavuniya,Dry Zone,Bg 94-1,2024,Maha,20430,3.5 Months,Long Grain (Nadu),White,No,No
Kurunegala,Intermediate Zone,Bg 369,2018,Yala,212,3.5 Months,Long Grain (Nadu),White,Yes,No
Vavuniya,Dry Zone,Bg 300,2020,Yala,6973,3 Months,Long Grain (Nadu),White,No,No
Batticaloa,Dry Zone,Bg 369,2021,Annual,870,3.5 Months,Long Grain (Nadu),White,Yes,No
Vavuniya,Dry Zone,Bg 360,2024,Maha,7619,3.5 Months,Short Grain (Samba),White,No,No
Vavuniya,Dry Zone,Bw 367,2019,Yala,10434,3.5 Months,Short Grain (Samba),White,No,Yes
Killinochchi,Dry Zone,Bw 312,2018,Yala,919,3 Months,Long Grain (Nadu),Red,No,Yes
Monaragala,Intermediate Zone,Bg 359,2019,Maha,2843,3.5 Months,Long Grain (Nadu),White,No,No
Killinochchi,Dry Zone,Bw 400,2020,Maha,76,4-4.5 Months,Long Grain (Nadu),Red,Yes,Yes
Anuradhapura,Dry Zone,Bw 372,2020,Maha,2808,3.5 Months,Long Grain (Nadu),Red,No,Yes
Polonnaruwa,Dry Zone,Bg 369,2022,Annual,742,3.5 Months,Long Grain (Nadu),White,Yes,No
Mannar,Dry Zone,Bg 360,2020,Maha,9565,3.5 Months,Short Grain (Samba),White,No,No
Killinochchi,Dry Zone,Bg 360,2024,Yala,9623,3.5 Months,Short Grain (Samba),White,No,No
Trincomalee,Dry Zone,At 362,2024,Yala,55311,3.5 Months,Long Grain (Nadu),Red,No,No
Mullaitivu,Dry Zone,Ld 368,2024,Annual,1426,3.5 Months,Short Grain (Samba),Red,No,No
Polonnaruwa,Dry Zone,At 362,2021,Yala,3128,3.5 Months,Long Grain (Nadu),Red,No,No
Ratnapura,Wet Zone,Bg 374,2022,Yala,4652,3.5 Months,Long Grain (Nadu),White,No,No
Anuradhapura,Dry Zone,At 353,2018,Maha,1545,3.5 Months,Long Grain (Nadu),Red,Yes,No
Anuradhapura,Dry Zone,Bw 312,2018,Maha,666,3 Months,Long Grain (Nadu),Red,No,Yes
Ampara,Dry Zone,Bg 250,2024,Annual,7246,2.5 Months,Long Grain (Nadu),White,No,No
Kegalle,Wet Zone,Bg 366,2024,Yala,16276,3.5 Months,Long Grain (Nadu),White,No,No
Kegalle,Wet Zone,Bw 400,2021,Yala,42,4-4.5 Months,Long Grain (Nadu),Red,Yes,Yes
Matale,Intermediate Zone,Bg 94-1,2018,Yala,14252,3.5 Months,Long Grain (Nadu),White,No,No
Matale,Intermediate Zone,Bw 372,2019,Annual,2613,3.5 Months,Long Grain (Nadu),Red,No,Yes
Badulla,Intermediate Zone,At 353,2019,Maha,1103,3.5 Months,Long Grain (Nadu),Red,Yes,No
Vavuniya,Dry Zone,Bg 360,2024,Yala,5039,3.5 Months,Short Grain (Samba),White,No,No
Hambantota,Dry Zone,Ld 368,2019,Yala,2844,3.5 Months,Short Grain (Samba),Red,No,No
Kegalle,Wet Zone,Bg 374,2024,Yala,1268,3.5 Months,Long Grain (Nadu),White,No,No
Batticaloa,Dry Zone,Bg 379-2,2020,Maha,1817,4-4.5 Months,Long Grain (Nadu),White,No,No
Mannar,Dry Zone,Bg 379-2,2020,Maha,1560,4-4.5 Months,Long Grain (Nadu),White,No,No
Ampara,Dry Zone,At 354,2020,Yala,312,3.5 Months,Long Grain (Nadu),White,Yes,No
Badulla,Intermediate Zone,Bg 352,2023,Yala,16657,3.5 Months,Long Grain (Nadu),White,No,No
Ampara,Dry Zone,Bg 310,2018,Yala,8185,3 Months,Long Grain (Nadu),White,Yes,No
Ratnapura,Wet Zone,Bg 250,2020,Maha,8090,2.5 Months,Long Grain (Nadu),White,No,No
Kegalle,Wet Zone,Bg 310,2019,Yala,1807,3 Months,Long Grain (Nadu),White,Yes,No
Anuradhapura,Dry Zone,Bw 372,2022,Maha,2753,3.5 Months,Long Grain (Nadu),Red,No,Yes
Killinochchi,Dry Zone,Bw 364,2018,Yala,358,3.5 Months,Long Grain (Nadu),Red,No,Yes
Matara,Wet Zone,Bg 357,2023,Annual,10407,3.5 Months,Long Grain (Nadu),White,No,No
Mullaitivu,Dry Zone,At 354,2019,Yala,349,3.5 Months,Long Grain (Nadu),White,Yes,No
Puttalam,Dry Zone,Bg 250,2021,Maha,7532,2.5 Months,Long Grain (Nadu),White,No,No
Mannar,Dry Zone,Bw 400,2021,Maha,71,4-4.5 Months,Long Grain (Nadu),Red,Yes,Yes
Matale,Intermediate Zone,Bw 312,2021,Yala,826,3 Months,Long Grain (Nadu),Red,No,Yes
Ratnapura,Wet Zone,Attakkari,2024,Maha,6020,4-4.5 Months,Long Grain (Nadu),Red,No,No
Anuradhapura,Dry Zone,Bg 359,2022,Yala,2911,3.5 Months,Long Grain (Nadu),White,No,No
Gampaha,Wet Zone,Bw 312,2020,Yala,798,3 Months,Long Grain (Nadu),Red,No,Yes
Polonnaruwa,Dry Zone,Bw 312,2023,Annual,919,3 Months,Long Grain (Nadu),Red,No,Yes
Batticaloa,Dry Zone,Bw 364,2021,Annual,331,3.5 Months,Long Grain (Nadu),Red,No,Yes
Matara,Wet Zone,Bw 367,2019,Maha,4040,3.5 Months,Short Grain (Samba),White,No,Yes
Matara,Wet Zone,At 362,2020,Maha,26367,3.5 Months,Long Grain (Nadu),Red,No,No
Batticaloa,Dry Zone,Bg 374,2018,Yala,6164,3.5 Months,Long Grain (Nadu),White,No,No
Anuradhapura,Dry Zone,At 354,2022,Maha,357,3.5 Months,Long Grain (Nadu),White,Yes,No
Ratnapura,Wet Zone,Bg 300,2022,Maha,26061,3 Months,Long Grain (Nadu),White,No,No
Batticaloa,Dry Zone,At 362,2021,Maha,10230,3.5 Months,Long Grain (Nadu),Red,No,No
Puttalam,Dry Zone,Bw 312,2019,Maha,892,3 Months,Long Grain (Nadu),Red,No,Yes
Galle,Wet Zone,Bg 310,2023,Maha,1898,3 Months,Long Grain (Nadu),White,Yes,No
Kegalle,Wet Zone,Bw 400,2021,Yala,42,4-4.5 Months,Long Grain (Nadu),Red,Yes,Yes
Hambantota,Dry Zone,Bg 359,2023,Maha,2260,3.5 Months,Long Grain (Nadu),White,No,No
Batticaloa,Dry Zone,At 303,2022,Yala,1592,3 Months,Long Grain (Nadu),Red,No,No
Ratnapura,Wet Zone,Bw 312,2024,Maha,913,3 Months,Long Grain (Nadu),Red,No,Yes
Mannar,Dry Zone,Bw 367,2021,Yala,4717,3.5 Months,Short Grain (Samba),White,No,Yes
Matale,Intermediate Zone,Attakkari,2018,Yala,6530,4-4.5 Months,Long Grain (Nadu),Red,No,No
Kandy,Intermediate Zone,Bw 400,2018,Maha,37,4-4.5 Months,Long Grain (Nadu),Red,Yes,Yes
Trincomalee,Dry Zone,Bg 310,2023,Yala,9090,3 Months,Long Grain (Nadu),White,Yes,No
Kurunegala,Intermediate Zone,Ld 368,2018,Yala,3387,3.5 Months,Short Grain (Samba),Red,No,No
Batticaloa,Dry Zone,Bw 364,2022,Maha,279,3.5 Months,Long Grain (Nadu),Red,No,Yes
Kegalle,Wet Zone,At 353,2019,Maha,914,3.5 Months,Long Grain (Nadu),Red,Yes,No
Polonnaruwa,Dry Zone,Bw 367,2023,Maha,8326,3.5 Months,Short Grain (Samba),White,No,Yes
Puttalam,Dry Zone,At 353,2024,Yala,1759,3.5 Months,Long Grain (Nadu),Red,Yes,No
Puttalam,Dry Zone,Ld 368,2024,Maha,3029,3.5 Months,Short Grain (Samba),Red,No,No
Ratnapura,Wet Zone,Bg 300,2022,Maha,21324,3 Months,Long Grain (Nadu),White,No,No
Kegalle,Wet Zone,At 354,2018,Yala,282,3.5 Months,Long Grain (Nadu),White,Yes,No
Matale,Intermediate Zone,Bw 364,2023,Yala,345,3.5 Months,Long Grain (Nadu),Red,No,Yes
Mannar,Dry Zone,Bg 310,2019,Maha,10724,3 Months,Long Grain (Nadu),White,Yes,No
Matara,Wet Zone,Bg 366,2024,Yala,7549,3.5 Months,Long Grain (Nadu),White,No,No
Kegalle,Wet Zone,Bg 250,2023,Annual,7157,2.5 Months,Long Grain (Nadu),White,No,No
Badulla,Intermediate Zone,Bg 250,2018,Maha,6893,2.5 Months,Long Grain (Nadu),White,No,No
Matale,Intermediate Zone,At 362,2024,Maha,13609,3.5 Months,Long Grain (Nadu),Red,No,No
Ampara,Dry Zone,Bw 364,2022,Maha,344,3.5 Months,Long Grain (Nadu),Red,No,Yes
Polonnaruwa,Dry Zone,Bg 250,2022,Maha,6734,2.5 Months,Long Grain (Nadu),White,No,No
Kurunegala,Intermediate Zone,Bw 400,2019,Maha,29,4-4.5 Months,Long Grain (Nadu),Red,Yes,Yes
Vavuniya,Dry Zone,Bw 367,2024,Maha,12417,3.5 Months,Short Grain (Samba),White,No,Yes
Anuradhapura,Dry Zone,Bw 372,2023,Maha,2569,3.5 Months,Long Grain (Nadu),Red,No,Yes
Hambantota,Dry Zone,Bg 250,2022,Maha,7410,2.5 Months,Long Grain (Nadu),White,No,No
Polonnaruwa,Dry Zone,At 354,2021,Maha,350,3.5 Months,Long Grain (Nadu),White,Yes,No
Kegalle,Wet Zone,Ld 368,2018,Maha,2133,3.5 Months,Short Grain (Samba),Red,No,No
Badulla,Intermediate Zone,Bg 366,2023,Maha,16950,3.5 Months,Long Grain (Nadu),White,No,No
Badulla,Intermediate Zone,At 307,2024,Maha,4529,3 Months,Long Grain (Nadu),White,No,No
Monaragala,Intermediate Zone,Bw 312,2020,Yala,603,3 Months,Long Grain (Nadu),Red,No,Yes
Monaragala,Intermediate Zone,At 354,2023,Yala,308,3.5 Months,Long Grain (Nadu),White,Yes,No
Killinochchi,Dry Zone,Bg 250,2021,Maha,8435,2.5 Months,Long Grain (Nadu),White,No,No
Mullaitivu,Dry Zone,Bg 300,2022,Maha,18188,3 Months,Long Grain (Nadu),White,No,No
Matale,Intermediate Zone,Bw 367,2020,Yala,9750,3.5 Months,Short Grain (Samba),White,No,Yes
Monaragala,Intermediate Zone,Attakkari,2023,Yala,6554,4-4.5 Months,Long Grain (Nadu),Red,No,No
Gampaha,Wet Zone,Bg 374,2020,Yala,5954,3.5 Months,Long Grain (Nadu),White,No,No
Vavuniya,Dry Zone,Bg 94-1,2021,Maha,5384,3.5 Months,Long Grain (Nadu),White,No,No
Puttalam,Dry Zone,Ld 368,2018,Maha,2337,3.5 Months,Short Grain (Samba),Red,No,No
Trincomalee,Dry Zone,Ld 368,2022,Yala,2890,3.5 Months,Short Grain (Samba),Red,No,No
Kandy,Intermediate Zone,Bw 372,2020,Maha,3120,3.5 Months,Long Grain (Nadu),Red,No,Yes
Kurunegala,Intermediate Zone,Bg 94-1,2024,Maha,21749,3.5 Months,Long Grain (Nadu),White,No,No
Vavuniya,Dry Zone,Ld 368,2024,Maha,2352,3.5 Months,Short Grain (Samba),Red,No,No
Killinochchi,Dry Zone,Bg 357,2022,Maha,13033,3.5 Months,Long Grain (Nadu),White,No,No
Kalutara,Wet Zone,Bg 357,2022,Maha,11083,3.5 Months,Long Grain (Nadu),White,No,No
Monaragala,Intermediate Zone,At 362,2020,Yala,36186,3.5 Months,Long Grain (Nadu),Red,No,No
Ampara,Dry Zone,Bg 360,2019,Maha,4909,3.5 Months,Short Grain (Samba),White,No,No
Vavuniya,Dry Zone,Bg 300,2019,Yala,33140,3 Months,Long Grain (Nadu),White,No,No
Mullaitivu,Dry Zone,Bw 372,2023,Maha,2764,3.5 Months,Long Grain (Nadu),Red,No,Yes
Batticaloa,Dry Zone,Bw 367,2023,Yala,7344,3.5 Months,Short Grain (Samba),White,No,Yes
Ratnapura,Wet Zone,Bg 359,2022,Maha,2823,3.5 Months,Long Grain (Nadu),White,No,No
Matale,Intermediate Zone,Bg 366,2022,Maha,16226,3.5 Months,Long Grain (Nadu),White,No,No
Batticaloa,Dry Zone,Bw 400,2021,Maha,79,4-4.5 Months,Long Grain (Nadu),Red,Yes,Yes
Anuradhapura,Dry Zone,At 362,2018,Maha,17048,3.5 Months,Long Grain (Nadu),Red,No,No
Ratnapura,Wet Zone,Bw 367,2024,Maha,1467,3.5 Months,Short Grain (Samba),White,No,Yes
Mullaitivu,Dry Zone,Ld 368,2023,Maha,1842,3.5 Months,Short Grain (Samba),Red,No,No
Monaragala,Intermediate Zone,Bg 366,2022,Maha,17362,3.5 Months,Long Grain (Nadu),White,No,No
Gampaha,Wet Zone,Bg 352,2023,Maha,46592,3.5 Months,Long Grain (Nadu),White,No,No
Kandy,Intermediate Zone,Bg 360,2020,Annual,9510,3.5 Months,Short Grain (Samba),White,No,No
Matale,Intermediate Zone,Bw 367,2022,Maha,7853,3.5 Months,Short Grain (Samba),White,No,Yes
Polonnaruwa,Dry Zone,At 307,2018,Annual,10241,3 Months,Long Grain (Nadu),White,No,No
Ratnapura,Wet Zone,Bw 364,2023,Maha,296,3.5 Months,Long Grain (Nadu),Red,No,Yes
Polonnaruwa,Dry Zone,At 303,2020,Yala,1508,3 Months,Long Grain (Nadu),Red,No,No
Mullaitivu,Dry Zone,Bw 372,2021,Yala,3337,3.5 Months,Long Grain (Nadu),Red,No,Yes
Gampaha,Wet Zone,Bw 367,2020,Maha,11373,3.5 Months,Short Grain (Samba),White,No,Yes
Matale,Intermediate Zone,Bw 364,2018,Yala,345,3.5 Months,Long Grain (Nadu),Red,No,Yes
Mannar,Dry Zone,Bg 374,2019,Maha,3213,3.5 Months,Long Grain (Nadu),White,No,No
Kandy,Intermediate Zone,Ld 368,2020,Maha,2234,3.5 Months,Short Grain (Samba),Red,No,No
Ampara,Dry Zone,Attakkari,2021,Maha,6317,4-4.5 Months,Long Grain (Nadu),Red,No,No
Mannar,Dry Zone,At 303,2021,Maha,1930,3 Months,Long Grain (Nadu),Red,No,No
Matale,Intermediate Zone,Bg 379-2,2023,Maha,1432,4-4.5 Months,Long Grain (Nadu),White,No,No
Gampaha,Wet Zone,Bw 312,2020,Maha,686,3 Months,Long Grain (Nadu),Red,No,Yes
Gampaha,Wet Zone,At 303,2021,Maha,1845,3 Months,Long Grain (Nadu),Red,No,No
Badulla,Intermediate Zone,At 354,2019,Maha,349,3.5 Months,Long Grain (Nadu),White,Yes,No
Kurunegala,Intermediate Zone,Bg 310,2018,Yala,12282,3 Months,Long Grain (Nadu),White,Yes,No
Kegalle,Wet Zone,Bw 312,2024,Maha,974,3 Months,Long Grain (Nadu),Red,No,Yes
Mullaitivu,Dry Zone,Bg 379-2,2019,Maha,1765,4-4.5 Months,Long Grain (Nadu),White,No,No
Gampaha,Wet Zone,Bg 250,2021,Maha,7399,2.5 Months,Long Grain (Nadu),White,No,No
Batticaloa,Dry Zone,Bw 367,2021,Maha,5822,3.5 Months,Short Grain (Samba),White,No,Yes
Galle,Wet Zone,Bg 300,2022,Maha,26239,3 Months,Long Grain (Nadu),White,No,No
Kegalle,Wet Zone,Bg 374,2021,Yala,1122,3.5 Months,Long Grain (Nadu),White,No,No
Monaragala,Intermediate Zone,At 362,2019,Yala,36590,3.5 Months,Long Grain (Nadu),Red,No,No
Kandy,Intermediate Zone,Attakkari,2023,Maha,6316,4-4.5 Months,Long Grain (Nadu),Red,No,No
Galle,Wet Zone,Bg 250,2020,Maha,6002,2.5 Months,Long Grain (Nadu),White,No,No
Badulla,Intermediate Zone,Bw 367,2020,Yala,11768,3.5 Months,Short Grain (Samba),White,No,Yes
Puttalam,Dry Zone,Attakkari,2018,Maha,7271,4-4.5 Months,Long Grain (Nadu),Red,No,No
Matara,Wet Zone,Bg 379-2,2021,Yala,1985,4-4.5 Months,Long Grain (Nadu),White,No,No
Vavuniya,Dry Zone,Bw 372,2019,Annual,2585,3.5 Months,Long Grain (Nadu),Red,No,Yes
Gampaha,Wet Zone,Bg 300,2019,Maha,7972,3 Months,Long Grain (Nadu),White,No,No
Kandy,Intermediate Zone,Bw 312,2023,Annual,537,3 Months,Long Grain (Nadu),Red,No,Yes
Puttalam,Dry Zone,At 353,2021,Annual,1917,3.5 Months,Long Grain (Nadu),Red,Yes,No
Monaragala,Intermediate Zone,At 362,2021,Yala,47502,3.5 Months,Long Grain (Nadu),Red,No,No
Matara,Wet Zone,At 362,2022,Yala,9391,3.5 Months,Long Grain (Nadu),Red,No,No
Kurunegala,Intermediate Zone,Bw 372,2021,Maha,2562,3.5 Months,Long Grain (Nadu),Red,No,Yes
Trincomalee,Dry Zone,At 354,2021,Yala,268,3.5 Months,Long Grain (Nadu),White,Yes,No
Kegalle,Wet Zone,Bg 300,2024,Yala,23191,3 Months,Long Grain (Nadu),White,No,No
Trincomalee,Dry Zone,Bg 369,2019,Maha,229,3.5 Months,Long Grain (Nadu),White,Yes,No
Hambantota,Dry Zone,Bg 360,2021,Maha,4117,3.5 Months,Short Grain (Samba),White,No,No
Matale,Intermediate Zone,Attakkari,2019,Yala,6545,4-4.5 Months,Long Grain (Nadu),Red,No,No
Kegalle,Wet Zone,At 307,2018,Maha,8670,3 Months,Long Grain (Nadu),White,No,No
Monaragala,Intermediate Zone,Bw 372,2024,Yala,2544,3.5 Months,Long Grain (Nadu),Red,No,Yes
Kurunegala,Intermediate Zone,At 307,2018,Maha,10582,3 Months,Long Grain (Nadu),White,No,No
Ratnapura,Wet Zone,Bw 312,2022,Maha,746,3 Months,Long Grain (Nadu),Red,No,Yes
Kalutara,Wet Zone,Bg 369,2020,Maha,205,3.5 Months,Long Grain (Nadu),White,Yes,No
Polonnaruwa,Dry Zone,Bw 312,2024,Maha,708,3 Months,Long Grain (Nadu),Red,No,Yes
Monaragala,Intermediate Zone,At 307,2022,Annual,5228,3 Months,Long Grain (Nadu),White,No,No
Mannar,Dry Zone,At 307,2018,Maha,10087,3 Months,Long Grain (Nadu),White,No,No
Kegalle,Wet Zone,Bg 310,2021,Maha,6954,3 Months,Long Grain (Nadu),White,Yes,No
Batticaloa,Dry Zone,Bg 369,2021,Yala,868,3.5 Months,Long Grain (Nadu),White,Yes,No
Hambantota,Dry Zone,At 307,2023,Maha,5999,3 Months,Long Grain (Nadu),White,No,No
Batticaloa,Dry Zone,At 362,2024,Maha,10151,3.5 Months,Long Grain (Nadu),Red,No,No
Matara,Wet Zone,Bw 367,2019,Yala,2044,3.5 Months,Short Grain (Samba),White,No,Yes
Vavuniya,Dry Zone,At 353,2023,Annual,141,3.5 Months,Long Grain (Nadu),Red,Yes,No
Ratnapura,Wet Zone,Bg 379-2,2024,Maha,1851,4-4.5 Months,Long Grain (Nadu),White,No,No
Galle,Wet Zone,Bg 357,2019,Yala,11506,3.5 Months,Long Grain (Nadu),White,No,No
Vavuniya,Dry Zone,At 354,2021,Maha,270,3.5 Months,Long Grain (Nadu),White,Yes,No
Vavuniya,Dry Zone,Bw 400,2019,Yala,95,4-4.5 Months,Long Grain (Nadu),Red,Yes,Yes
Matara,Wet Zone,At 362,2020,Yala,53780,3.5 Months,Long Grain (Nadu),Red,No,No
Kurunegala,Intermediate Zone,At 353,2018,Maha,1780,3.5 Months,Long Grain (Nadu),Red,Yes,No
Ampara,Dry Zone,At 354,2019,Maha,340,3.5 Months,Long Grain (Nadu),White,Yes,No
Galle,Wet Zone,Bw 312,2022,Maha,737,3 Months,Long Grain (Nadu),Red,No,Yes
Gampaha,Wet Zone,At 303,2023,Yala,1670,3 Months,Long Grain (Nadu),Red,No,No
Monaragala,Intermediate Zone,Bw 364,2021,Maha,320,3.5 Months,Long Grain (Nadu),Red,No,Yes
Kalutara,Wet Zone,At 303,2024,Maha,1639,3 Months,Long Grain (Nadu),Red,No,No
Kandy,Intermediate Zone,Bg 94-1,2023,Annual,22900,3.5 Months,Long Grain (Nadu),White,No,No
Gampaha,Wet Zone,Bg 300,2018,Yala,19428,3 Months,Long Grain (Nadu),White,No,No
Galle,Wet Zone,Bg 359,2018,Maha,2281,3.5 Months,Long Grain (Nadu),White,No,No
Kalutara,Wet Zone,Bg 352,2020,Maha,21860,3.5 Months,Long Grain (Nadu),White,No,No
Gampaha,Wet Zone,Bg 366,2020,Maha,6583,3.5 Months,Long Grain (Nadu),White,No,No
Ratnapura,Wet Zone,At 303,2024,Annual,1682,3 Months,Long Grain (Nadu),Red,No,No
Batticaloa,Dry Zone,At 353,2022,Maha,1349,3.5 Months,Long Grain (Nadu),Red,Yes,No
Badulla,Intermediate Zone,Bw 372,2020,Maha,2792,3.5 Months,Long Grain (Nadu),Red,No,Yes
Ratnapura,Wet Zone,Bw 364,2019,Maha,389,3.5 Months,Long Grain (Nadu),Red,No,Yes
Vavuniya,Dry Zone,Bg 369,2020,Yala,366,3.5 Months,Long Grain (Nadu),White,Yes,No
Batticaloa,Dry Zone,Attakkari,2022,Maha,7108,4-4.5 Months,Long Grain (Nadu),Red,No,No
Vavuniya,Dry Zone,Bg 374,2021,Annual,863,3.5 Months,Long Grain (Nadu),White,No,No
Vavuniya,Dry Zone,Bg 94-1,2021,Maha,27752,3.5 Months,Long Grain (Nadu),White,No,No
Hambantota,Dry Zone,Bg 359,2020,Maha,2088,3.5 Months,Long Grain (Nadu),White,No,No
Polonnaruwa,Dry Zone,At 362,2018,Annual,12586,3.5 Months,Long Grain (Nadu),Red,No,No
Polonnaruwa,Dry Zone,Bw 312,2021,Yala,582,3 Months,Long Grain (Nadu),Red,No,Yes
Puttalam,Dry Zone,Ld 368,2021,Yala,2151,3.5 Months,Short Grain (Samba),Red,No,No
Galle,Wet Zone,Bg 300,2020,Yala,19631,3 Months,Long Grain (Nadu),White,No,No
Matale,Intermediate Zone,Bg 94-1,2019,Maha,9826,3.5 Months,Long Grain (Nadu),White,No,No
Mannar,Dry Zone,Bw 367,2022,Yala,12298,3.5 Months,Short Grain (Samba),White,No,Yes
Vavuniya,Dry Zone,Bg 250,2020,Yala,7322,2.5 Months,Long Grain (Nadu),White,No,No
Puttalam,Dry Zone,Bg 300,2024,Maha,35979,3 Months,Long Grain (Nadu),White,No,No
Killinochchi,Dry Zone,Attakkari,2024,Yala,6660,4-4.5 Months,Long Grain (Nadu),Red,No,No
Ampara,Dry Zone,Bw 367,2019,Maha,11357,3.5 Months,Short Grain (Samba),White,No,Yes
Kandy,Intermediate Zone,At 354,2022,Maha,306,3.5 Months,Long Grain (Nadu),White,Yes,No
Batticaloa,Dry Zone,Bg 250,2019,Yala,7086,2.5 Months,Long Grain (Nadu),White,No,No
Matara,Wet Zone,At 303,2018,Yala,1677,3 Months,Long Grain (Nadu),Red,No,No
Gampaha,Wet Zone,Ld 368,2021,Maha,2849,3.5 Months,Short Grain (Samba),Red,No,No
Mullaitivu,Dry Zone,At 303,2021,Maha,1761,3 Months,Long Grain (Nadu),Red,No,No
Hambantota,Dry Zone,At 362,2019,Maha,55731,3.5 Months,Long Grain (Nadu),Red,No,No
Monaragala,Intermediate Zone,Attakkari,2020,Maha,6156,4-4.5 Months,Long Grain (Nadu),Red,No,No
Galle,Wet Zone,At 303,2024,Yala,1546,3 Months,Long Grain (Nadu),Red,No,No
Batticaloa,Dry Zone,At 353,2018,Maha,1976,3.5 Months,Long Grain (Nadu),Red,Yes,No
Monaragala,Intermediate Zone,Bw 364,2023,Maha,283,3.5 Months,Long Grain (Nadu),Red,No,Yes
Kurunegala,Intermediate Zone,At 307,2020,Maha,7928,3 Months,Long Grain (Nadu),White,No,No
Kegalle,Wet Zone,Bg 94-1,2024,Annual,13780,3.5 Months,Long Grain (Nadu),White,No,No
Puttalam,Dry Zone,Bg 300,2024,Yala,2549,3 Months,Long Grain (Nadu),White,No,No
Anuradhapura,Dry Zone,Attakkari,2023,Yala,6920,4-4.5 Months,Long Grain (Nadu),Red,No,No
Anuradhapura,Dry Zone,Bg 357,2023,Maha,12980,3.5 Months,Long Grain (Nadu),White,No,No
Kegalle,Wet Zone,Bg 369,2020,Yala,426,3.5 Months,Long Grain (Nadu),White,Yes,No
Puttalam,Dry Zone,Bw 372,2018,Maha,2656,3.5 Months,Long Grain (Nadu),Red,No,Yes
Batticaloa,Dry Zone,Bw 372,2023,Annual,3065,3.5 Months,Long Grain (Nadu),Red,No,Yes
Matara,Wet Zone,Bg 250,2022,Maha,7666,2.5 Months,Long Grain (Nadu),White,No,No
Galle,Wet Zone,Bw 372,2024,Yala,3432,3.5 Months,Long Grain (Nadu),Red,No,Yes
Batticaloa,Dry Zone,At 353,2023,Yala,1098,3.5 Months,Long Grain (Nadu),Red,Yes,No
Ampara,Dry Zone,Bg 250,2022,Yala,5874,2.5 Months,Long Grain (Nadu),White,No,No
Mullaitivu,Dry Zone,Bw 312,2021,Maha,857,3 Months,Long Grain (Nadu),Red,No,Yes
Galle,Wet Zone,Bg 366,2021,Yala,13417,3.5 Months,Long Grain (Nadu),White,No,No
Gampaha,Wet Zone,Bg 250,2021,Maha,7268,2.5 Months,Long Grain (Nadu),White,No,No
Kandy,Intermediate Zone,Bg 310,2020,Maha,14338,3 Months,Long Grain (Nadu),White,Yes,No
Monaragala,Intermediate Zone,Bw 400,2022,Maha,91,4-4.5 Months,Long Grain (Nadu),Red,Yes,Yes
Mullaitivu,Dry Zone,Bg 352,2020,Yala,22766,3.5 Months,Long Grain (Nadu),White,No,No
Matara,Wet Zone,At 353,2024,Yala,519,3.5 Months,Long Grain (Nadu),Red,Yes,No
Polonnaruwa,Dry Zone,Ld 368,2023,Yala,1884,3.5 Months,Short Grain (Samba),Red,No,No
Galle,Wet Zone,Bg 300,2024,Yala,13731,3 Months,Long Grain (Nadu),White,No,No
Puttalam,Dry Zone,Bg 374,2024,Annual,2166,3.5 Months,Long Grain (Nadu),White,No,No
Monaragala,Intermediate Zone,Bg 366,2021,Annual,13802,3.5 Months,Long Grain (Nadu),White,No,No
Polonnaruwa,Dry Zone,Bw 367,2023,Maha,7375,3.5 Months,Short Grain (Samba),White,No,Yes
Trincomalee,Dry Zone,At 303,2022,Yala,1721,3 Months,Long Grain (Nadu),Red,No,No
Galle,Wet Zone,Attakkari,2022,Yala,7414,4-4.5 Months,Long Grain (Nadu),Red,No,No
Matara,Wet Zone,Bg 360,2021,Maha,7253,3.5 Months,Short Grain (Samba),White,No,No
Matale,Intermediate Zone,Bw 312,2024,Maha,757,3 Months,Long Grain (Nadu),Red,No,Yes
Trincomalee,Dry Zone,Bg 357,2021,Yala,13537,3.5 Months,Long Grain (Nadu),White,No,No
Hambantota,Dry Zone,Bg 357,2020,Maha,12786,3.5 Months,Long Grain (Nadu),White,No,No
Killinochchi,Dry Zone,Bw 372,2018,Yala,3357,3.5 Months,Long Grain (Nadu),Red,No,Yes
Batticaloa,Dry Zone,Bw 367,2023,Yala,5587,3.5 Months,Short Grain (Samba),White,No,Yes
Gampaha,Wet Zone,At 307,2020,Maha,10983,3 Months,Long Grain (Nadu),White,No,No
Kalutara,Wet Zone,Attakkari,2023,Maha,6180,4-4.5 Months,Long Grain (Nadu),Red,No,No
Badulla,Intermediate Zone,Bg 94-1,2024,Yala,25177,3.5 Months,Long Grain (Nadu),White,No,No
Trincomalee,Dry Zone,Bg 250,2021,Maha,6460,2.5 Months,Long Grain (Nadu),White,No,No
Ampara,Dry Zone,At 307,2024,Maha,10285,3 Months,Long Grain (Nadu),White,No,No
Matara,Wet Zone,Attakkari,2024,Yala,6992,4-4.5 Months,Long Grain (Nadu),Red,No,No
Kandy,Intermediate Zone,Ld 368,2019,Yala,1916,3.5 Months,Short Grain (Samba),Red,No,No
Ratnapura,Wet Zone,At 303,2023,Annual,1567,3 Months,Long Grain (Nadu),Red,No,No
Ampara,Dry Zone,Bg 360,2018,Maha,3879,3.5 Months,Short Grain (Samba),White,No,No
Gampaha,Wet Zone,Ld 368,2018,Yala,3287,3.5 Months,Short Grain (Samba),Red,No,No
Polonnaruwa,Dry Zone,Bg 369,2018,Maha,375,3.5 Months,Long Grain (Nadu),White,Yes,No
Polonnaruwa,Dry Zone,Bg 357,2021,Yala,12264,3.5 Months,Long Grain (Nadu),White,No,No
Kegalle,Wet Zone,Bg 300,2019,Yala,28813,3 Months,Long Grain (Nadu),White,No,No
Monaragala,Intermediate Zone,Bg 366,2024,Yala,12347,3.5 Months,Long Grain (Nadu),White,No,No
Monaragala,Intermediate Zone,Bg 360,2022,Maha,9542,3.5 Months,Short Grain (Samba),White,No,No
Vavuniya,Dry Zone,Bw 400,2021,Maha,94,4-4.5 Months,Long Grain (Nadu),Red,Yes,Yes
Polonnaruwa,Dry Zone,Bg 310,2021,Yala,11023,3 Months,Long Grain (Nadu),White,Yes,No
Trincomalee,Dry Zone,Attakkari,2023,Maha,6076,4-4.5 Months,Long Grain (Nadu),Red,No,No
Trincomalee,Dry Zone,Bw 367,2024,Yala,7359,3.5 Months,Short Grain (Samba),White,No,Yes
Mannar,Dry Zone,At 307,2019,Yala,6074,3 Months,Long Grain (Nadu),White,No,No
Kandy,Intermediate Zone,Bg 379-2,2018,Yala,1616,4-4.5 Months,Long Grain (Nadu),White,No,No
Kegalle,Wet Zone,Ld 368,2019,Yala,1476,3.5 Months,Short Grain (Samba),Red,No,No
Galle,Wet Zone,Bw 364,2024,Maha,286,3.5 Months,Long Grain (Nadu),Red,No,Yes
Kegalle,Wet Zone,Bg 310,2023,Yala,5990,3 Months,Long Grain (Nadu),White,Yes,No
Badulla,Intermediate Zone,Bg 366,2020,Maha,7089,3.5 Months,Long Grain (Nadu),White,No,No
Puttalam,Dry Zone,Bg 250,2018,Yala,6909,2.5 Months,Long Grain (Nadu),White,No,No
Mullaitivu,Dry Zone,Bw 312,2022,Yala,868,3 Months,Long Grain (Nadu),Red,No,Yes
Trincomalee,Dry Zone,At 354,2019,Yala,397,3.5 Months,Long Grain (Nadu),White,Yes,No
Galle,Wet Zone,Bg 357,2018,Yala,13953,3.5 Months,Long Grain (Nadu),White,No,No
Mannar,Dry Zone,Bg 357,2023,Yala,13046,3.5 Months,Long Grain (Nadu),White,No,No
Ratnapura,Wet Zone,Bw 364,2024,Maha,342,3.5 Months,Long Grain (Nadu),Red,No,Yes
Kandy,Intermediate Zone,Bg 357,2019,Maha,12661,3.5 Months,Long Grain (Nadu),White,No,No
Polonnaruwa,Dry Zone,Ld 368,2023,Yala,2345,3.5 Months,Short Grain (Samba),Red,No,No
Anuradhapura,Dry Zone,Bg 374,2024,Yala,4539,3.5 Months,Long Grain (Nadu),White,No,No
Puttalam,Dry Zone,Bw 312,2021,Yala,944,3 Months,Long Grain (Nadu),Red,No,Yes
Anuradhapura,Dry Zone,Bg 250,2021,Maha,7770,2.5 Months,Long Grain (Nadu),White,No,No
Matale,Intermediate Zone,Bw 400,2021,Yala,30,4-4.5 Months,Long Grain (Nadu),Red,Yes,Yes
Monaragala,Intermediate Zone,Bw 312,2020,Annual,567,3 Months,Long Grain (Nadu),Red,No,Yes
Hambantota,Dry Zone,Bg 357,2020,Maha,12412,3.5 Months,Long Grain (Nadu),White,No,No
Polonnaruwa,Dry Zone,Bg 300,2021,Yala,16056,3 Months,Long Grain (Nadu),White,No,No
Matale,Intermediate Zone,Bg 357,2018,Maha,12988,3.5 Months,Long Grain (Nadu),White,No,No
Matale,Intermediate Zone,Bg 250,2022,Maha,5743,2.5 Months,Long Grain (Nadu),White,No,No
Kandy,Intermediate Zone,Bw 312,2020,Yala,998,3 Months,Long Grain (Nadu),Red,No,Yes
Ampara,Dry Zone,Bg 360,2018,Maha,3602,3.5 Months,Short Grain (Samba),White,No,No
Ampara,Dry Zone,Ld 368,2021,Maha,3110,3.5 Months,Short Grain (Samba),Red,No,No
Mannar,Dry Zone,Bg 310,2023,Yala,11621,3 Months,Long Grain (Nadu),White,Yes,No
Matara,Wet Zone,Bg 300,2022,Maha,24292,3 Months,Long Grain (Nadu),White,No,No
Kandy,Intermediate Zone,Bg 366,2022,Yala,4527,3.5 Months,Long Grain (Nadu),White,No,No
Mullaitivu,Dry Zone,Bw 400,2023,Maha,89,4-4.5 Months,Long Grain (Nadu),Red,Yes,Yes
Kegalle,Wet Zone,Bw 400,2023,Maha,43,4-4.5 Months,Long Grain (Nadu),Red,Yes,Yes
Matara,Wet Zone,Ld 368,2022,Annual,3142,3.5 Months,Short Grain (Samba),Red,No,No
Anuradhapura,Dry Zone,At 307,2021,Maha,8068,3 Months,Long Grain (Nadu),White,No,No
Galle,Wet Zone,Ld 368,2020,Annual,2116,3.5 Months,Short Grain (Samba),Red,No,No
Mannar,Dry Zone,Bg 359,2024,Yala,2728,3.5 Months,Long Grain (Nadu),White,No,No
Polonnaruwa,Dry Zone,Bw 372,2022,Maha,2627,3.5 Months,Long Grain (Nadu),Red,No,Yes
Matara,Wet Zone,Bg 250,2021,Annual,6612,2.5 Months,Long Grain (Nadu),White,No,No
Kalutara,Wet Zone,Bg 300,2022,Yala,16978,3 Months,Long Grain (Nadu),White,No,No
Monaragala,Intermediate Zone,Bg 359,2024,Maha,2013,3.5 Months,Long Grain (Nadu),White,No,No
Hambantota,Dry Zone,Bw 372,2021,Yala,2512,3.5 Months,Long Grain (Nadu),Red,No,Yes
Monaragala,Intermediate Zone,At 307,2020,Maha,10291,3 Months,Long Grain (Nadu),White,No,No
Batticaloa,Dry Zone,At 354,2019,Maha,277,3.5 Months,Long Grain (Nadu),White,Yes,No
Monaragala,Intermediate Zone,Attakkari,2018,Yala,6144,4-4.5 Months,Long Grain (Nadu),Red,No,No
Gampaha,Wet Zone,Bg 366,2024,Annual,9880,3.5 Months,Long Grain (Nadu),White,No,No
Kegalle,Wet Zone,Ld 368,2020,Maha,2420,3.5 Months,Short Grain (Samba),Red,No,No
Ratnapura,Wet Zone,Bg 250,2018,Maha,7353,2.5 Months,Long Grain (Nadu),White,No,No
Batticaloa,Dry Zone,At 362,2022,Maha,22786,3.5 Months,Long Grain (Nadu),Red,No,No
Hambantota,Dry Zone,At 353,2020,Yala,1465,3.5 Months,Long Grain (Nadu),Red,Yes,No
Kandy,Intermediate Zone,Bg 94-1,2024,Maha,15498,3.5 Months,Long Grain (Nadu),White,No,No
Batticaloa,Dry Zone,At 307,2020,Yala,4179,3 Months,Long Grain (Nadu),White,No,No
Kegalle,Wet Zone,Bg 379-2,2024,Maha,1909,4-4.5 Months,Long Grain (Nadu),White,No,No
Mannar,Dry Zone,At 362,2021,Maha,31843,3.5 Months,Long Grain (Nadu),Red,No,No
Mannar,Dry Zone,Attakkari,2020,Yala,7157,4-4.5 Months,Long Grain (Nadu),Red,No,No
Mannar,Dry Zone,Ld 368,2024,Annual,2443,3.5 Months,Short Grain (Samba),Red,No,No
Matara,Wet Zone,Bg 374,2019,Yala,6581,3.5 Months,Long Grain (Nadu),White,No,No
Ampara,Dry Zone,Bg 374,2020,Maha,2364,3.5 Months,Long Grain (Nadu),White,No,No
Batticaloa,Dry Zone,Bw 372,2019,Yala,3477,3.5 Months,Long Grain (Nadu),Red,No,Yes
Monaragala,Intermediate Zone,Bg 379-2,2023,Maha,1444,4-4.5 Months,Long Grain (Nadu),White,No,No
Kurunegala,Intermediate Zone,Bg 310,2018,Maha,13327,3 Months,Long Grain (Nadu),White,Yes,No
Kalutara,Wet Zone,Bg 374,2020,Annual,929,3.5 Months,Long Grain (Nadu),White,No,No
Polonnaruwa,Dry Zone,At 307,2018,Maha,6121,3 Months,Long Grain (Nadu),White,No,No
Kandy,Intermediate Zone,At 354,2021,Yala,351,3.5 Months,Long Grain (Nadu),White,Yes,No
Matara,Wet Zone,Bg 374,2021,Annual,2355,3.5 Months,Long Grain (Nadu),White,No,No
Mullaitivu,Dry Zone,Bg 374,2024,Yala,5857,3.5 Months,Long Grain (Nadu),White,No,No
Mannar,Dry Zone,Bg 352,2021,Yala,7627,3.5 Months,Long Grain (Nadu),White,No,No
Vavuniya,Dry Zone,Bw 367,2023,Yala,5808,3.5 Months,Short Grain (Samba),White,No,Yes
Puttalam,Dry Zone,Bg 359,2018,Maha,2387,3.5 Months,Long Grain (Nadu),White,No,No
Puttalam,Dry Zone,At 303,2023,Maha,1530,3 Months,Long Grain (Nadu),Red,No,No
Matale,Intermediate Zone,Bg 366,2023,Yala,6359,3.5 Months,Long Grain (Nadu),White,No,No
Matale,Intermediate Zone,Bg 357,2018,Maha,12326,3.5 Months,Long Grain (Nadu),White,No,No
Batticaloa,Dry Zone,Bg 379-2,2018,Yala,1635,4-4.5 Months,Long Grain (Nadu),White,No,No
Ampara,Dry Zone,Bg 310,2018,Maha,12171,3 Months,Long Grain (Nadu),White,Yes,No
Killinochchi,Dry Zone,Bg 352,2024,Maha,42492,3.5 Months,Long Grain (Nadu),White,No,No
Hambantota,Dry Zone,At 362,2022,Yala,18841,3.5 Months,Long Grain (Nadu),Red,No,No
Kandy,Intermediate Zone,Bg 374,2020,Maha,1719,3.5 Months,Long Grain (Nadu),White,No,No
Polonnaruwa,Dry Zone,Bw 367,2024,Maha,5458,3.5 Months,Short Grain (Samba),White,No,Yes
Trincomalee,Dry Zone,Bw 372,2024,Annual,3255,3.5 Months,Long Grain (Nadu),Red,No,Yes
Kurunegala,Intermediate Zone,Bg 94-1,2021,Yala,10875,3.5 Months,Long Grain (Nadu),White,No,No
Ampara,Dry Zone,Bg 360,2021,Maha,9376,3.5 Months,Short Grain (Samba),White,No,No
Ratnapura,Wet Zone,Bg 366,2022,Yala,17877,3.5 Months,Long Grain (Nadu),White,No,No
Galle,Wet Zone,Bg 369,2023,Maha,821,3.5 Months,Long Grain (Nadu),White,Yes,No
Mannar,Dry Zone,At 353,2019,Maha,2344,3.5 Months,Long Grain (Nadu),Red,Yes,No
Matale,Intermediate Zone,Bg 352,2019,Maha,45872,3.5 Months,Long Grain (Nadu),White,No,No
Kurunegala,Intermediate Zone,Bg 94-1,2023,Yala,23359,3.5 Months,Long Grain (Nadu),White,No,No
Anuradhapura,Dry Zone,Bg 374,2023,Yala,4584,3.5 Months,Long Grain (Nadu),White,No,No
Kurunegala,Intermediate Zone,At 303,2021,Yala,1799,3 Months,Long Grain (Nadu),Red,No,No
Gampaha,Wet Zone,Bw 312,2021,Maha,952,3 Months,Long Grain (Nadu),Red,No,Yes
